2026-01-14 15:08:55 | INFO     | politician_location_dashboard  | 
2026-01-14 15:08:55 | INFO     | politician_location_dashboard  | 
2026-01-14 15:08:55 | INFO     | politician_location_dashboard  | ====================================================================================================
2026-01-14 15:08:55 | INFO     | politician_location_dashboard  | ====================================================================================================
2026-01-14 15:08:55 | INFO     | politician_location_dashboard  | ====================================================================================================
2026-01-14 15:08:55 | INFO     | politician_location_dashboard  | ====================================================================================================
2026-01-14 15:08:55 | INFO     | politician_location_dashboard  | 
2026-01-14 15:08:55 | INFO     | politician_location_dashboard  | 
2026-01-14 15:08:55 | INFO     | politician_location_dashboard  | 
2026-01-14 15:08:55 | INFO     | politician_location_dashboard  | 
2026-01-14 15:08:55 | INFO     | politician_location_dashboard  | 
2026-01-14 15:08:55 | INFO     | politician_location_dashboard  | 
2026-01-14 15:08:55 | INFO     | politician_location_dashboard  | 
2026-01-14 15:08:55 | INFO     | politician_location_dashboard  | 
2026-01-14 15:08:55 | INFO     | politician_location_dashboard  | 
2026-01-14 15:08:55 | INFO     | politician_location_dashboard  | 
2026-01-14 15:08:55 | INFO     | politician_location_dashboard  | 
2026-01-14 15:08:55 | INFO     | politician_location_dashboard  | 
2026-01-14 15:08:55 | INFO     | politician_location_dashboard  | 
2026-01-14 15:08:55 | INFO     | politician_location_dashboard  | 
2026-01-14 15:08:55 | INFO     | politician_location_dashboard  | 
2026-01-14 15:08:55 | INFO     | politician_location_dashboard  | 
2026-01-14 15:08:55 | INFO     | politician_location_dashboard  | 
2026-01-14 15:08:55 | INFO     | politician_location_dashboard  | 
2026-01-14 15:08:59 | INFO     | volunteer_location_stream      | ====================================================================================================
2026-01-14 15:08:59 | INFO     | volunteer_location_stream      | ====================================================================================================
2026-01-14 15:08:59 | INFO     | volunteer_location_stream      | ====================================================================================================
2026-01-14 15:08:59 | INFO     | volunteer_location_stream      | ====================================================================================================
2026-01-14 15:08:59 | INFO     | broadcast_location_to_politician | 
2026-01-14 15:08:59 | INFO     | broadcast_location_to_politician | 
2026-01-14 15:08:59 | INFO     | broadcast_location_to_politician | ================================================================================
2026-01-14 15:08:59 | INFO     | broadcast_location_to_politician | ================================================================================
2026-01-14 15:08:59 | INFO     | broadcast_location_to_politician | ================================================================================
2026-01-14 15:08:59 | INFO     | broadcast_location_to_politician | ================================================================================
2026-01-14 15:08:59 | INFO     | broadcast_location_to_politician | 
2026-01-14 15:08:59 | INFO     | broadcast_location_to_politician | 
2026-01-14 15:08:59 | INFO     | broadcast_location_to_politician | 
2026-01-14 15:08:59 | INFO     | broadcast_location_to_politician | 
2026-01-14 15:08:59 | INFO     | broadcast_location_to_politician | 
2026-01-14 15:08:59 | INFO     | broadcast_location_to_politician | 
2026-01-14 15:08:59 | INFO     | broadcast_location_to_politician | 
2026-01-14 15:08:59 | INFO     | broadcast_location_to_politician | 
2026-01-14 15:08:59 | INFO     | broadcast_location_to_politician | 
2026-01-14 15:08:59 | INFO     | broadcast_location_to_politician | 
2026-01-14 15:08:59 | INFO     | broadcast_location_to_politician | ================================================================================
2026-01-14 15:08:59 | INFO     | broadcast_location_to_politician | ================================================================================
2026-01-14 15:08:59 | INFO     | broadcast_location_to_politician | 
2026-01-14 15:08:59 | INFO     | broadcast_location_to_politician | 
2026-01-14 15:09:00 | INFO     | volunteer_location_stream      | 
2026-01-14 15:09:00 | INFO     | volunteer_location_stream      | 
2026-01-14 15:09:00 | INFO     | volunteer_location_stream      | 
2026-01-14 15:09:00 | INFO     | volunteer_location_stream      | 
2026-01-14 15:09:00 | INFO     | broadcast_location_to_politician | 
2026-01-14 15:09:00 | INFO     | broadcast_location_to_politician | 
2026-01-14 15:09:00 | INFO     | broadcast_location_to_politician | ================================================================================
2026-01-14 15:09:00 | INFO     | broadcast_location_to_politician | ================================================================================
2026-01-14 15:09:00 | INFO     | broadcast_location_to_politician | ================================================================================
2026-01-14 15:09:00 | INFO     | broadcast_location_to_politician | ================================================================================
2026-01-14 15:09:00 | INFO     | broadcast_location_to_politician | 
2026-01-14 15:09:00 | INFO     | broadcast_location_to_politician | 
2026-01-14 15:09:00 | INFO     | broadcast_location_to_politician | 
2026-01-14 15:09:00 | INFO     | broadcast_location_to_politician | 
2026-01-14 15:09:00 | INFO     | broadcast_location_to_politician | 
2026-01-14 15:09:00 | INFO     | broadcast_location_to_politician | 
2026-01-14 15:09:00 | INFO     | broadcast_location_to_politician | 
2026-01-14 15:09:00 | INFO     | broadcast_location_to_politician | 
2026-01-14 15:09:00 | INFO     | broadcast_location_to_politician | 
2026-01-14 15:09:00 | INFO     | broadcast_location_to_politician | 
2026-01-14 15:09:00 | INFO     | broadcast_location_to_politician | ================================================================================
2026-01-14 15:09:00 | INFO     | broadcast_location_to_politician | ================================================================================
2026-01-14 15:09:00 | INFO     | broadcast_location_to_politician | 
2026-01-14 15:09:00 | INFO     | broadcast_location_to_politician | 
2026-01-14 15:09:00 | INFO     | volunteer_location_stream      | 
2026-01-14 15:09:00 | INFO     | volunteer_location_stream      | 
2026-01-14 15:09:04 | INFO     | volunteer_location_stream      | 
2026-01-14 15:09:04 | INFO     | volunteer_location_stream      | 
2026-01-14 15:09:04 | INFO     | broadcast_location_to_politician | 
2026-01-14 15:09:04 | INFO     | broadcast_location_to_politician | 
2026-01-14 15:09:04 | INFO     | broadcast_location_to_politician | ================================================================================
2026-01-14 15:09:04 | INFO     | broadcast_location_to_politician | ================================================================================
2026-01-14 15:09:04 | INFO     | broadcast_location_to_politician | ================================================================================
2026-01-14 15:09:04 | INFO     | broadcast_location_to_politician | ================================================================================
2026-01-14 15:09:04 | INFO     | broadcast_location_to_politician | 
2026-01-14 15:09:04 | INFO     | broadcast_location_to_politician | 
2026-01-14 15:09:04 | INFO     | broadcast_location_to_politician | 
2026-01-14 15:09:04 | INFO     | broadcast_location_to_politician | 
2026-01-14 15:09:04 | INFO     | broadcast_location_to_politician | 
2026-01-14 15:09:04 | INFO     | broadcast_location_to_politician | 
2026-01-14 15:09:04 | INFO     | broadcast_location_to_politician | 
2026-01-14 15:09:04 | INFO     | broadcast_location_to_politician | 
2026-01-14 15:09:04 | INFO     | broadcast_location_to_politician | 
2026-01-14 15:09:04 | INFO     | broadcast_location_to_politician | 
2026-01-14 15:09:04 | INFO     | broadcast_location_to_politician | ================================================================================
2026-01-14 15:09:04 | INFO     | broadcast_location_to_politician | ================================================================================
2026-01-14 15:09:04 | INFO     | broadcast_location_to_politician | 
2026-01-14 15:09:04 | INFO     | broadcast_location_to_politician | 
2026-01-14 15:09:04 | INFO     | volunteer_location_stream      | ====================================================================================================
2026-01-14 15:09:04 | INFO     | volunteer_location_stream      | ====================================================================================================
2026-01-14 15:09:04 | INFO     | volunteer_location_stream      | ====================================================================================================
2026-01-14 15:09:04 | INFO     | volunteer_location_stream      | ====================================================================================================
2026-01-14 15:09:04 | INFO     | volunteer_location_stream      | 
2026-01-14 15:09:04 | INFO     | volunteer_location_stream      | 
2026-01-14 15:09:38 | INFO     | politician_location_dashboard  | 
2026-01-14 15:09:38 | INFO     | politician_location_dashboard  | 
2026-01-14 15:09:38 | INFO     | politician_location_dashboard  | ====================================================================================================
2026-01-14 15:09:38 | INFO     | politician_location_dashboard  | ====================================================================================================
2026-01-14 15:09:38 | INFO     | politician_location_dashboard  | ====================================================================================================
2026-01-14 15:09:38 | INFO     | politician_location_dashboard  | ====================================================================================================
2026-01-14 15:09:38 | INFO     | politician_location_dashboard  | 
2026-01-14 15:09:38 | INFO     | politician_location_dashboard  | 
2026-01-14 15:09:38 | INFO     | politician_location_dashboard  | 
2026-01-14 15:09:38 | INFO     | politician_location_dashboard  | 
2026-01-14 15:09:38 | INFO     | politician_location_dashboard  | 
2026-01-14 15:09:38 | INFO     | politician_location_dashboard  | 
2026-01-14 15:09:38 | INFO     | politician_location_dashboard  | 
2026-01-14 15:09:38 | INFO     | politician_location_dashboard  | 
2026-01-14 15:09:38 | INFO     | politician_location_dashboard  | 
2026-01-14 15:09:38 | INFO     | politician_location_dashboard  | 
2026-01-14 15:09:38 | INFO     | politician_location_dashboard  | 
2026-01-14 15:09:38 | INFO     | politician_location_dashboard  | 
2026-01-14 15:09:38 | INFO     | politician_location_dashboard  | 
2026-01-14 15:09:38 | INFO     | politician_location_dashboard  | 
2026-01-14 15:09:38 | INFO     | politician_location_dashboard  | 
2026-01-14 15:09:38 | INFO     | politician_location_dashboard  | 
2026-01-14 15:09:38 | INFO     | politician_location_dashboard  | 
2026-01-14 15:09:38 | INFO     | politician_location_dashboard  | 
2026-01-14 15:09:42 | INFO     | volunteer_location_stream      | ====================================================================================================
2026-01-14 15:09:42 | INFO     | volunteer_location_stream      | ====================================================================================================
2026-01-14 15:09:42 | INFO     | volunteer_location_stream      | ====================================================================================================
2026-01-14 15:09:42 | INFO     | volunteer_location_stream      | ====================================================================================================
2026-01-14 15:09:42 | INFO     | broadcast_location_to_politician | 
2026-01-14 15:09:42 | INFO     | broadcast_location_to_politician | 
2026-01-14 15:09:42 | INFO     | broadcast_location_to_politician | ================================================================================
2026-01-14 15:09:42 | INFO     | broadcast_location_to_politician | ================================================================================
2026-01-14 15:09:42 | INFO     | broadcast_location_to_politician | ================================================================================
2026-01-14 15:09:42 | INFO     | broadcast_location_to_politician | ================================================================================
2026-01-14 15:09:42 | INFO     | broadcast_location_to_politician | 
2026-01-14 15:09:42 | INFO     | broadcast_location_to_politician | 
2026-01-14 15:09:42 | WARNING  | broadcast_location_to_politician | 
2026-01-14 15:09:42 | WARNING  | broadcast_location_to_politician | 
2026-01-14 15:09:42 | INFO     | broadcast_location_to_politician | 
2026-01-14 15:09:42 | INFO     | broadcast_location_to_politician | 
2026-01-14 15:09:42 | INFO     | broadcast_location_to_politician | 
2026-01-14 15:09:42 | INFO     | broadcast_location_to_politician | 
2026-01-14 15:09:42 | INFO     | broadcast_location_to_politician | 
2026-01-14 15:09:42 | INFO     | broadcast_location_to_politician | 
2026-01-14 15:09:42 | INFO     | broadcast_location_to_politician | 
2026-01-14 15:09:42 | INFO     | broadcast_location_to_politician | 
2026-01-14 15:09:42 | INFO     | broadcast_location_to_politician | ================================================================================
2026-01-14 15:09:42 | INFO     | broadcast_location_to_politician | ================================================================================
2026-01-14 15:09:42 | INFO     | broadcast_location_to_politician | 
2026-01-14 15:09:42 | INFO     | broadcast_location_to_politician | 
2026-01-14 15:09:43 | INFO     | volunteer_location_stream      | 
2026-01-14 15:09:43 | INFO     | volunteer_location_stream      | 
2026-01-14 15:09:43 | INFO     | volunteer_location_stream      | 
2026-01-14 15:09:43 | INFO     | volunteer_location_stream      | 
2026-01-14 15:09:43 | INFO     | broadcast_location_to_politician | 
2026-01-14 15:09:43 | INFO     | broadcast_location_to_politician | 
2026-01-14 15:09:43 | INFO     | broadcast_location_to_politician | ================================================================================
2026-01-14 15:09:43 | INFO     | broadcast_location_to_politician | ================================================================================
2026-01-14 15:09:43 | INFO     | broadcast_location_to_politician | ================================================================================
2026-01-14 15:09:43 | INFO     | broadcast_location_to_politician | ================================================================================
2026-01-14 15:09:43 | INFO     | broadcast_location_to_politician | 
2026-01-14 15:09:43 | INFO     | broadcast_location_to_politician | 
2026-01-14 15:09:43 | WARNING  | broadcast_location_to_politician | 
2026-01-14 15:09:43 | WARNING  | broadcast_location_to_politician | 
2026-01-14 15:09:43 | INFO     | broadcast_location_to_politician | 
2026-01-14 15:09:43 | INFO     | broadcast_location_to_politician | 
2026-01-14 15:09:43 | INFO     | broadcast_location_to_politician | 
2026-01-14 15:09:43 | INFO     | broadcast_location_to_politician | 
2026-01-14 15:09:43 | INFO     | broadcast_location_to_politician | 
2026-01-14 15:09:43 | INFO     | broadcast_location_to_politician | 
2026-01-14 15:09:43 | INFO     | broadcast_location_to_politician | 
2026-01-14 15:09:43 | INFO     | broadcast_location_to_politician | 
2026-01-14 15:09:43 | INFO     | broadcast_location_to_politician | ================================================================================
2026-01-14 15:09:43 | INFO     | broadcast_location_to_politician | ================================================================================
2026-01-14 15:09:43 | INFO     | broadcast_location_to_politician | 
2026-01-14 15:09:43 | INFO     | broadcast_location_to_politician | 
2026-01-14 15:09:43 | INFO     | volunteer_location_stream      | 
2026-01-14 15:09:43 | INFO     | volunteer_location_stream      | 
2026-01-14 15:09:44 | INFO     | volunteer_location_stream      | 
2026-01-14 15:09:44 | INFO     | volunteer_location_stream      | 
2026-01-14 15:09:44 | INFO     | broadcast_location_to_politician | 
2026-01-14 15:09:44 | INFO     | broadcast_location_to_politician | 
2026-01-14 15:09:44 | INFO     | broadcast_location_to_politician | ================================================================================
2026-01-14 15:09:44 | INFO     | broadcast_location_to_politician | ================================================================================
2026-01-14 15:09:44 | INFO     | broadcast_location_to_politician | ================================================================================
2026-01-14 15:09:44 | INFO     | broadcast_location_to_politician | ================================================================================
2026-01-14 15:09:44 | INFO     | broadcast_location_to_politician | 
2026-01-14 15:09:44 | INFO     | broadcast_location_to_politician | 
2026-01-14 15:09:44 | WARNING  | broadcast_location_to_politician | 
2026-01-14 15:09:44 | WARNING  | broadcast_location_to_politician | 
2026-01-14 15:09:45 | INFO     | broadcast_location_to_politician | 
2026-01-14 15:09:45 | INFO     | broadcast_location_to_politician | 
2026-01-14 15:09:45 | INFO     | broadcast_location_to_politician | 
2026-01-14 15:09:45 | INFO     | broadcast_location_to_politician | 
2026-01-14 15:09:45 | INFO     | broadcast_location_to_politician | 
2026-01-14 15:09:45 | INFO     | broadcast_location_to_politician | 
2026-01-14 15:09:45 | INFO     | broadcast_location_to_politician | 
2026-01-14 15:09:45 | INFO     | broadcast_location_to_politician | 
2026-01-14 15:09:45 | INFO     | broadcast_location_to_politician | ================================================================================
2026-01-14 15:09:45 | INFO     | broadcast_location_to_politician | ================================================================================
2026-01-14 15:09:45 | INFO     | broadcast_location_to_politician | 
2026-01-14 15:09:45 | INFO     | broadcast_location_to_politician | 
2026-01-14 15:09:45 | INFO     | volunteer_location_stream      | ====================================================================================================
2026-01-14 15:09:45 | INFO     | volunteer_location_stream      | ====================================================================================================
2026-01-14 15:09:45 | INFO     | volunteer_location_stream      | ====================================================================================================
2026-01-14 15:09:45 | INFO     | volunteer_location_stream      | ====================================================================================================
2026-01-14 15:09:45 | INFO     | volunteer_location_stream      | 
2026-01-14 15:09:45 | INFO     | volunteer_location_stream      | 
2026-01-14 15:09:47 | INFO     | volunteer_location_stream      | ====================================================================================================
2026-01-14 15:09:47 | INFO     | volunteer_location_stream      | ====================================================================================================
2026-01-14 15:09:47 | INFO     | volunteer_location_stream      | ====================================================================================================
2026-01-14 15:09:47 | INFO     | volunteer_location_stream      | ====================================================================================================
2026-01-14 15:09:47 | INFO     | broadcast_location_to_politician | 
2026-01-14 15:09:47 | INFO     | broadcast_location_to_politician | 
2026-01-14 15:09:47 | INFO     | broadcast_location_to_politician | ================================================================================
2026-01-14 15:09:47 | INFO     | broadcast_location_to_politician | ================================================================================
2026-01-14 15:09:47 | INFO     | broadcast_location_to_politician | ================================================================================
2026-01-14 15:09:47 | INFO     | broadcast_location_to_politician | ================================================================================
2026-01-14 15:09:47 | INFO     | broadcast_location_to_politician | 
2026-01-14 15:09:47 | INFO     | broadcast_location_to_politician | 
2026-01-14 15:09:47 | WARNING  | broadcast_location_to_politician | 
2026-01-14 15:09:47 | WARNING  | broadcast_location_to_politician | 
2026-01-14 15:09:47 | INFO     | broadcast_location_to_politician | 
2026-01-14 15:09:47 | INFO     | broadcast_location_to_politician | 
2026-01-14 15:09:47 | INFO     | broadcast_location_to_politician | 
2026-01-14 15:09:47 | INFO     | broadcast_location_to_politician | 
2026-01-14 15:09:47 | INFO     | broadcast_location_to_politician | 
2026-01-14 15:09:47 | INFO     | broadcast_location_to_politician | 
2026-01-14 15:09:47 | INFO     | broadcast_location_to_politician | 
2026-01-14 15:09:47 | INFO     | broadcast_location_to_politician | 
2026-01-14 15:09:47 | INFO     | broadcast_location_to_politician | ================================================================================
2026-01-14 15:09:47 | INFO     | broadcast_location_to_politician | ================================================================================
2026-01-14 15:09:47 | INFO     | broadcast_location_to_politician | 
2026-01-14 15:09:47 | INFO     | broadcast_location_to_politician | 
2026-01-14 15:09:47 | INFO     | volunteer_location_stream      | 
2026-01-14 15:09:47 | INFO     | volunteer_location_stream      | 
2026-01-14 15:09:47 | INFO     | volunteer_location_stream      | 
2026-01-14 15:09:47 | INFO     | volunteer_location_stream      | 
2026-01-14 15:09:48 | INFO     | broadcast_location_to_politician | 
2026-01-14 15:09:48 | INFO     | broadcast_location_to_politician | 
2026-01-14 15:09:48 | INFO     | broadcast_location_to_politician | ================================================================================
2026-01-14 15:09:48 | INFO     | broadcast_location_to_politician | ================================================================================
2026-01-14 15:09:48 | INFO     | broadcast_location_to_politician | ================================================================================
2026-01-14 15:09:48 | INFO     | broadcast_location_to_politician | ================================================================================
2026-01-14 15:09:48 | INFO     | broadcast_location_to_politician | 
2026-01-14 15:09:48 | INFO     | broadcast_location_to_politician | 
2026-01-14 15:09:48 | WARNING  | broadcast_location_to_politician | 
2026-01-14 15:09:48 | WARNING  | broadcast_location_to_politician | 
2026-01-14 15:09:48 | INFO     | broadcast_location_to_politician | 
2026-01-14 15:09:48 | INFO     | broadcast_location_to_politician | 
2026-01-14 15:09:48 | INFO     | broadcast_location_to_politician | 
2026-01-14 15:09:48 | INFO     | broadcast_location_to_politician | 
2026-01-14 15:09:48 | INFO     | broadcast_location_to_politician | 
2026-01-14 15:09:48 | INFO     | broadcast_location_to_politician | 
2026-01-14 15:09:48 | INFO     | broadcast_location_to_politician | 
2026-01-14 15:09:48 | INFO     | broadcast_location_to_politician | 
2026-01-14 15:09:48 | INFO     | broadcast_location_to_politician | ================================================================================
2026-01-14 15:09:48 | INFO     | broadcast_location_to_politician | ================================================================================
2026-01-14 15:09:48 | INFO     | broadcast_location_to_politician | 
2026-01-14 15:09:48 | INFO     | broadcast_location_to_politician | 
2026-01-14 15:09:48 | INFO     | volunteer_location_stream      | 
2026-01-14 15:09:48 | INFO     | volunteer_location_stream      | 
2026-01-14 15:10:01 | INFO     | politician_location_dashboard  | ====================================================================================================
2026-01-14 15:10:01 | INFO     | politician_location_dashboard  | ====================================================================================================
2026-01-14 15:10:01 | INFO     | politician_location_dashboard  | ====================================================================================================
2026-01-14 15:10:01 | INFO     | politician_location_dashboard  | ====================================================================================================
2026-01-14 15:10:01 | INFO     | politician_location_dashboard  | 
2026-01-14 15:10:01 | INFO     | politician_location_dashboard  | 
2026-01-14 15:10:01 | INFO     | politician_location_dashboard  | ====================================================================================================
2026-01-14 15:10:01 | INFO     | politician_location_dashboard  | ====================================================================================================
2026-01-14 15:10:01 | INFO     | politician_location_dashboard  | ====================================================================================================
2026-01-14 15:10:01 | INFO     | politician_location_dashboard  | ====================================================================================================
2026-01-14 15:10:01 | INFO     | politician_location_dashboard  | 
2026-01-14 15:10:01 | INFO     | politician_location_dashboard  | 
2026-01-14 15:10:01 | INFO     | volunteer_location_stream      | 
2026-01-14 15:10:01 | INFO     | volunteer_location_stream      | 
2026-01-14 15:10:01 | INFO     | broadcast_location_to_politician | 
2026-01-14 15:10:01 | INFO     | broadcast_location_to_politician | 
2026-01-14 15:10:01 | INFO     | broadcast_location_to_politician | ================================================================================
2026-01-14 15:10:01 | INFO     | broadcast_location_to_politician | ================================================================================
2026-01-14 15:10:01 | INFO     | broadcast_location_to_politician | ================================================================================
2026-01-14 15:10:01 | INFO     | broadcast_location_to_politician | ================================================================================
2026-01-14 15:10:01 | INFO     | broadcast_location_to_politician | 
2026-01-14 15:10:01 | INFO     | broadcast_location_to_politician | 
2026-01-14 15:10:01 | WARNING  | broadcast_location_to_politician | 
2026-01-14 15:10:01 | WARNING  | broadcast_location_to_politician | 
2026-01-14 15:10:01 | INFO     | broadcast_location_to_politician | ================================================================================
2026-01-14 15:10:01 | INFO     | broadcast_location_to_politician | ================================================================================
2026-01-14 15:10:01 | INFO     | broadcast_location_to_politician | 
2026-01-14 15:10:01 | INFO     | broadcast_location_to_politician | 
2026-01-14 15:10:01 | INFO     | volunteer_location_stream      | ====================================================================================================
2026-01-14 15:10:01 | INFO     | volunteer_location_stream      | ====================================================================================================
2026-01-14 15:10:01 | INFO     | volunteer_location_stream      | ====================================================================================================
2026-01-14 15:10:01 | INFO     | volunteer_location_stream      | ====================================================================================================
2026-01-14 15:10:01 | INFO     | volunteer_location_stream      | 
2026-01-14 15:10:01 | INFO     | volunteer_location_stream      | 
2026-01-14 15:12:23 | INFO     | politician_location_dashboard  | 
2026-01-14 15:12:23 | INFO     | politician_location_dashboard  | 
2026-01-14 15:12:23 | INFO     | politician_location_dashboard  | ====================================================================================================
2026-01-14 15:12:23 | INFO     | politician_location_dashboard  | ====================================================================================================
2026-01-14 15:12:23 | INFO     | politician_location_dashboard  | ====================================================================================================
2026-01-14 15:12:23 | INFO     | politician_location_dashboard  | ====================================================================================================
2026-01-14 15:12:23 | INFO     | politician_location_dashboard  | 
2026-01-14 15:12:23 | INFO     | politician_location_dashboard  | 
2026-01-14 15:12:23 | INFO     | politician_location_dashboard  | 
2026-01-14 15:12:23 | INFO     | politician_location_dashboard  | 
2026-01-14 15:12:23 | INFO     | politician_location_dashboard  | 
2026-01-14 15:12:23 | INFO     | politician_location_dashboard  | 
2026-01-14 15:12:23 | INFO     | politician_location_dashboard  | 
2026-01-14 15:12:23 | INFO     | politician_location_dashboard  | 
2026-01-14 15:12:23 | INFO     | politician_location_dashboard  | 
2026-01-14 15:12:23 | INFO     | politician_location_dashboard  | 
2026-01-14 15:12:23 | INFO     | politician_location_dashboard  | 
2026-01-14 15:12:23 | INFO     | politician_location_dashboard  | 
2026-01-14 15:12:23 | INFO     | politician_location_dashboard  | 
2026-01-14 15:12:23 | INFO     | politician_location_dashboard  | 
2026-01-14 15:12:23 | INFO     | politician_location_dashboard  | 
2026-01-14 15:12:23 | INFO     | politician_location_dashboard  | 
2026-01-14 15:12:23 | INFO     | politician_location_dashboard  | 
2026-01-14 15:12:23 | INFO     | politician_location_dashboard  | 
2026-01-14 15:12:23 | INFO     | volunteer_location_stream      | ====================================================================================================
2026-01-14 15:12:23 | INFO     | volunteer_location_stream      | ====================================================================================================
2026-01-14 15:12:23 | INFO     | volunteer_location_stream      | ====================================================================================================
2026-01-14 15:12:23 | INFO     | volunteer_location_stream      | ====================================================================================================
2026-01-14 15:12:23 | INFO     | broadcast_location_to_politician | 
2026-01-14 15:12:23 | INFO     | broadcast_location_to_politician | 
2026-01-14 15:12:23 | INFO     | broadcast_location_to_politician | ================================================================================
2026-01-14 15:12:23 | INFO     | broadcast_location_to_politician | ================================================================================
2026-01-14 15:12:23 | INFO     | broadcast_location_to_politician | ================================================================================
2026-01-14 15:12:23 | INFO     | broadcast_location_to_politician | ================================================================================
2026-01-14 15:12:24 | INFO     | broadcast_location_to_politician | 
2026-01-14 15:12:24 | INFO     | broadcast_location_to_politician | 
2026-01-14 15:12:24 | WARNING  | broadcast_location_to_politician | 
2026-01-14 15:12:24 | WARNING  | broadcast_location_to_politician | 
2026-01-14 15:12:24 | WARNING  | broadcast_location_to_politician | 
2026-01-14 15:12:24 | WARNING  | broadcast_location_to_politician | 
2026-01-14 15:12:24 | INFO     | broadcast_location_to_politician | ================================================================================
2026-01-14 15:12:24 | INFO     | broadcast_location_to_politician | ================================================================================
2026-01-14 15:12:24 | INFO     | broadcast_location_to_politician | 
2026-01-14 15:12:24 | INFO     | broadcast_location_to_politician | 
2026-01-14 15:12:24 | INFO     | volunteer_location_stream      | 
2026-01-14 15:12:24 | INFO     | volunteer_location_stream      | 
2026-01-14 15:12:24 | INFO     | volunteer_location_stream      | 
2026-01-14 15:12:24 | INFO     | volunteer_location_stream      | 
2026-01-14 15:12:24 | INFO     | broadcast_location_to_politician | 
2026-01-14 15:12:24 | INFO     | broadcast_location_to_politician | 
2026-01-14 15:12:24 | INFO     | broadcast_location_to_politician | ================================================================================
2026-01-14 15:12:24 | INFO     | broadcast_location_to_politician | ================================================================================
2026-01-14 15:12:24 | INFO     | broadcast_location_to_politician | ================================================================================
2026-01-14 15:12:24 | INFO     | broadcast_location_to_politician | ================================================================================
2026-01-14 15:12:24 | INFO     | broadcast_location_to_politician | 
2026-01-14 15:12:24 | INFO     | broadcast_location_to_politician | 
2026-01-14 15:12:24 | WARNING  | broadcast_location_to_politician | 
2026-01-14 15:12:24 | WARNING  | broadcast_location_to_politician | 
2026-01-14 15:12:24 | WARNING  | broadcast_location_to_politician | 
2026-01-14 15:12:24 | WARNING  | broadcast_location_to_politician | 
2026-01-14 15:12:24 | INFO     | broadcast_location_to_politician | ================================================================================
2026-01-14 15:12:24 | INFO     | broadcast_location_to_politician | ================================================================================
2026-01-14 15:12:24 | INFO     | broadcast_location_to_politician | 
2026-01-14 15:12:24 | INFO     | broadcast_location_to_politician | 
2026-01-14 15:12:24 | INFO     | volunteer_location_stream      | 
2026-01-14 15:12:24 | INFO     | volunteer_location_stream      | 
2026-01-14 15:12:27 | INFO     | volunteer_location_stream      | 
2026-01-14 15:12:27 | INFO     | volunteer_location_stream      | 
2026-01-14 15:12:27 | INFO     | broadcast_location_to_politician | 
2026-01-14 15:12:27 | INFO     | broadcast_location_to_politician | 
2026-01-14 15:12:27 | INFO     | broadcast_location_to_politician | ================================================================================
2026-01-14 15:12:27 | INFO     | broadcast_location_to_politician | ================================================================================
2026-01-14 15:12:27 | INFO     | broadcast_location_to_politician | ================================================================================
2026-01-14 15:12:27 | INFO     | broadcast_location_to_politician | ================================================================================
2026-01-14 15:12:27 | INFO     | broadcast_location_to_politician | 
2026-01-14 15:12:27 | INFO     | broadcast_location_to_politician | 
2026-01-14 15:12:27 | WARNING  | broadcast_location_to_politician | 
2026-01-14 15:12:27 | WARNING  | broadcast_location_to_politician | 
2026-01-14 15:12:27 | WARNING  | broadcast_location_to_politician | 
2026-01-14 15:12:27 | WARNING  | broadcast_location_to_politician | 
2026-01-14 15:12:27 | INFO     | broadcast_location_to_politician | ================================================================================
2026-01-14 15:12:27 | INFO     | broadcast_location_to_politician | ================================================================================
2026-01-14 15:12:27 | INFO     | broadcast_location_to_politician | 
2026-01-14 15:12:27 | INFO     | broadcast_location_to_politician | 
2026-01-14 15:12:27 | INFO     | volunteer_location_stream      | ====================================================================================================
2026-01-14 15:12:27 | INFO     | volunteer_location_stream      | ====================================================================================================
2026-01-14 15:12:27 | INFO     | volunteer_location_stream      | ====================================================================================================
2026-01-14 15:12:27 | INFO     | volunteer_location_stream      | ====================================================================================================
2026-01-14 15:12:27 | INFO     | volunteer_location_stream      | 
2026-01-14 15:12:27 | INFO     | volunteer_location_stream      | 
2026-01-14 15:12:28 | INFO     | volunteer_location_stream      | ====================================================================================================
2026-01-14 15:12:28 | INFO     | volunteer_location_stream      | ====================================================================================================
2026-01-14 15:12:28 | INFO     | volunteer_location_stream      | ====================================================================================================
2026-01-14 15:12:28 | INFO     | volunteer_location_stream      | ====================================================================================================
2026-01-14 15:12:29 | INFO     | broadcast_location_to_politician | 
2026-01-14 15:12:29 | INFO     | broadcast_location_to_politician | 
2026-01-14 15:12:29 | INFO     | broadcast_location_to_politician | ================================================================================
2026-01-14 15:12:29 | INFO     | broadcast_location_to_politician | ================================================================================
2026-01-14 15:12:29 | INFO     | broadcast_location_to_politician | ================================================================================
2026-01-14 15:12:29 | INFO     | broadcast_location_to_politician | ================================================================================
2026-01-14 15:12:29 | INFO     | broadcast_location_to_politician | 
2026-01-14 15:12:29 | INFO     | broadcast_location_to_politician | 
2026-01-14 15:12:29 | WARNING  | broadcast_location_to_politician | 
2026-01-14 15:12:29 | WARNING  | broadcast_location_to_politician | 
2026-01-14 15:12:29 | WARNING  | broadcast_location_to_politician | 
2026-01-14 15:12:29 | WARNING  | broadcast_location_to_politician | 
2026-01-14 15:12:29 | INFO     | broadcast_location_to_politician | ================================================================================
2026-01-14 15:12:29 | INFO     | broadcast_location_to_politician | ================================================================================
2026-01-14 15:12:29 | INFO     | broadcast_location_to_politician | 
2026-01-14 15:12:29 | INFO     | broadcast_location_to_politician | 
2026-01-14 15:12:30 | INFO     | volunteer_location_stream      | 
2026-01-14 15:12:30 | INFO     | volunteer_location_stream      | 
2026-01-14 15:12:30 | INFO     | volunteer_location_stream      | 
2026-01-14 15:12:30 | INFO     | volunteer_location_stream      | 
2026-01-14 15:12:30 | INFO     | broadcast_location_to_politician | 
2026-01-14 15:12:30 | INFO     | broadcast_location_to_politician | 
2026-01-14 15:12:30 | INFO     | broadcast_location_to_politician | ================================================================================
2026-01-14 15:12:30 | INFO     | broadcast_location_to_politician | ================================================================================
2026-01-14 15:12:30 | INFO     | broadcast_location_to_politician | ================================================================================
2026-01-14 15:12:30 | INFO     | broadcast_location_to_politician | ================================================================================
2026-01-14 15:12:30 | INFO     | broadcast_location_to_politician | 
2026-01-14 15:12:30 | INFO     | broadcast_location_to_politician | 
2026-01-14 15:12:30 | WARNING  | broadcast_location_to_politician | 
2026-01-14 15:12:30 | WARNING  | broadcast_location_to_politician | 
2026-01-14 15:12:30 | WARNING  | broadcast_location_to_politician | 
2026-01-14 15:12:30 | WARNING  | broadcast_location_to_politician | 
2026-01-14 15:12:30 | INFO     | broadcast_location_to_politician | ================================================================================
2026-01-14 15:12:30 | INFO     | broadcast_location_to_politician | ================================================================================
2026-01-14 15:12:30 | INFO     | broadcast_location_to_politician | 
2026-01-14 15:12:30 | INFO     | broadcast_location_to_politician | 
2026-01-14 15:12:30 | INFO     | volunteer_location_stream      | 
2026-01-14 15:12:30 | INFO     | volunteer_location_stream      | 
2026-01-14 15:12:35 | INFO     | volunteer_location_stream      | 
2026-01-14 15:12:35 | INFO     | volunteer_location_stream      | 
2026-01-14 15:12:35 | INFO     | broadcast_location_to_politician | 
2026-01-14 15:12:35 | INFO     | broadcast_location_to_politician | 
2026-01-14 15:12:35 | INFO     | broadcast_location_to_politician | ================================================================================
2026-01-14 15:12:35 | INFO     | broadcast_location_to_politician | ================================================================================
2026-01-14 15:12:35 | INFO     | broadcast_location_to_politician | ================================================================================
2026-01-14 15:12:35 | INFO     | broadcast_location_to_politician | ================================================================================
2026-01-14 15:12:35 | INFO     | broadcast_location_to_politician | 
2026-01-14 15:12:35 | INFO     | broadcast_location_to_politician | 
2026-01-14 15:12:35 | WARNING  | broadcast_location_to_politician | 
2026-01-14 15:12:35 | WARNING  | broadcast_location_to_politician | 
2026-01-14 15:12:35 | WARNING  | broadcast_location_to_politician | 
2026-01-14 15:12:35 | WARNING  | broadcast_location_to_politician | 
2026-01-14 15:12:35 | INFO     | broadcast_location_to_politician | ================================================================================
2026-01-14 15:12:35 | INFO     | broadcast_location_to_politician | ================================================================================
2026-01-14 15:12:35 | INFO     | broadcast_location_to_politician | 
2026-01-14 15:12:35 | INFO     | broadcast_location_to_politician | 
2026-01-14 15:12:35 | INFO     | volunteer_location_stream      | ====================================================================================================
2026-01-14 15:12:35 | INFO     | volunteer_location_stream      | ====================================================================================================
2026-01-14 15:12:35 | INFO     | volunteer_location_stream      | ====================================================================================================
2026-01-14 15:12:35 | INFO     | volunteer_location_stream      | ====================================================================================================
2026-01-14 15:12:35 | INFO     | volunteer_location_stream      | 
2026-01-14 15:12:35 | INFO     | volunteer_location_stream      | 
2026-01-14 15:12:38 | INFO     | politician_location_dashboard  | 
2026-01-14 15:12:38 | INFO     | politician_location_dashboard  | 
2026-01-14 15:12:38 | INFO     | politician_location_dashboard  | ====================================================================================================
2026-01-14 15:12:38 | INFO     | politician_location_dashboard  | ====================================================================================================
2026-01-14 15:12:38 | INFO     | politician_location_dashboard  | ====================================================================================================
2026-01-14 15:12:38 | INFO     | politician_location_dashboard  | ====================================================================================================
2026-01-14 15:12:39 | INFO     | politician_location_dashboard  | 
2026-01-14 15:12:39 | INFO     | politician_location_dashboard  | 
2026-01-14 15:12:39 | INFO     | politician_location_dashboard  | 
2026-01-14 15:12:39 | INFO     | politician_location_dashboard  | 
2026-01-14 15:12:39 | INFO     | politician_location_dashboard  | 
2026-01-14 15:12:39 | INFO     | politician_location_dashboard  | 
2026-01-14 15:12:39 | INFO     | politician_location_dashboard  | 
2026-01-14 15:12:39 | INFO     | politician_location_dashboard  | 
2026-01-14 15:12:39 | INFO     | politician_location_dashboard  | 
2026-01-14 15:12:39 | INFO     | politician_location_dashboard  | 
2026-01-14 15:12:39 | INFO     | politician_location_dashboard  | 
2026-01-14 15:12:39 | INFO     | politician_location_dashboard  | 
2026-01-14 15:12:39 | INFO     | politician_location_dashboard  | 
2026-01-14 15:12:39 | INFO     | politician_location_dashboard  | 
2026-01-14 15:12:39 | INFO     | politician_location_dashboard  | 
2026-01-14 15:12:39 | INFO     | politician_location_dashboard  | 
2026-01-14 15:12:39 | INFO     | politician_location_dashboard  | 
2026-01-14 15:12:39 | INFO     | politician_location_dashboard  | 
2026-01-14 15:12:40 | INFO     | volunteer_location_stream      | ====================================================================================================
2026-01-14 15:12:40 | INFO     | volunteer_location_stream      | ====================================================================================================
2026-01-14 15:12:40 | INFO     | volunteer_location_stream      | ====================================================================================================
2026-01-14 15:12:40 | INFO     | volunteer_location_stream      | ====================================================================================================
2026-01-14 15:12:41 | INFO     | broadcast_location_to_politician | 
2026-01-14 15:12:41 | INFO     | broadcast_location_to_politician | 
2026-01-14 15:12:41 | INFO     | broadcast_location_to_politician | ================================================================================
2026-01-14 15:12:41 | INFO     | broadcast_location_to_politician | ================================================================================
2026-01-14 15:12:41 | INFO     | broadcast_location_to_politician | ================================================================================
2026-01-14 15:12:41 | INFO     | broadcast_location_to_politician | ================================================================================
2026-01-14 15:12:41 | INFO     | broadcast_location_to_politician | 
2026-01-14 15:12:41 | INFO     | broadcast_location_to_politician | 
2026-01-14 15:12:41 | WARNING  | broadcast_location_to_politician | 
2026-01-14 15:12:41 | WARNING  | broadcast_location_to_politician | 
2026-01-14 15:12:41 | WARNING  | broadcast_location_to_politician | 
2026-01-14 15:12:41 | WARNING  | broadcast_location_to_politician | 
2026-01-14 15:12:41 | INFO     | broadcast_location_to_politician | ================================================================================
2026-01-14 15:12:41 | INFO     | broadcast_location_to_politician | ================================================================================
2026-01-14 15:12:41 | INFO     | broadcast_location_to_politician | 
2026-01-14 15:12:41 | INFO     | broadcast_location_to_politician | 
2026-01-14 15:12:41 | INFO     | volunteer_location_stream      | 
2026-01-14 15:12:41 | INFO     | volunteer_location_stream      | 
2026-01-14 15:12:42 | INFO     | volunteer_location_stream      | 
2026-01-14 15:12:42 | INFO     | volunteer_location_stream      | 
2026-01-14 15:12:42 | INFO     | broadcast_location_to_politician | 
2026-01-14 15:12:42 | INFO     | broadcast_location_to_politician | 
2026-01-14 15:12:42 | INFO     | broadcast_location_to_politician | ================================================================================
2026-01-14 15:12:42 | INFO     | broadcast_location_to_politician | ================================================================================
2026-01-14 15:12:42 | INFO     | broadcast_location_to_politician | ================================================================================
2026-01-14 15:12:42 | INFO     | broadcast_location_to_politician | ================================================================================
2026-01-14 15:12:42 | INFO     | broadcast_location_to_politician | 
2026-01-14 15:12:42 | INFO     | broadcast_location_to_politician | 
2026-01-14 15:12:42 | WARNING  | broadcast_location_to_politician | 
2026-01-14 15:12:42 | WARNING  | broadcast_location_to_politician | 
2026-01-14 15:12:42 | WARNING  | broadcast_location_to_politician | 
2026-01-14 15:12:42 | WARNING  | broadcast_location_to_politician | 
2026-01-14 15:12:42 | INFO     | broadcast_location_to_politician | ================================================================================
2026-01-14 15:12:42 | INFO     | broadcast_location_to_politician | ================================================================================
2026-01-14 15:12:42 | INFO     | broadcast_location_to_politician | 
2026-01-14 15:12:42 | INFO     | broadcast_location_to_politician | 
2026-01-14 15:12:42 | INFO     | volunteer_location_stream      | 
2026-01-14 15:12:42 | INFO     | volunteer_location_stream      | 
2026-01-14 15:12:55 | INFO     | politician_location_dashboard  | 
2026-01-14 15:12:55 | INFO     | politician_location_dashboard  | 
2026-01-14 15:12:55 | INFO     | politician_location_dashboard  | ====================================================================================================
2026-01-14 15:12:55 | INFO     | politician_location_dashboard  | ====================================================================================================
2026-01-14 15:12:55 | INFO     | politician_location_dashboard  | ====================================================================================================
2026-01-14 15:12:55 | INFO     | politician_location_dashboard  | ====================================================================================================
2026-01-14 15:12:55 | INFO     | politician_location_dashboard  | 
2026-01-14 15:12:55 | INFO     | politician_location_dashboard  | 
2026-01-14 15:12:55 | INFO     | politician_location_dashboard  | 
2026-01-14 15:12:55 | INFO     | politician_location_dashboard  | 
2026-01-14 15:12:55 | INFO     | politician_location_dashboard  | 
2026-01-14 15:12:55 | INFO     | politician_location_dashboard  | 
2026-01-14 15:12:55 | INFO     | politician_location_dashboard  | 
2026-01-14 15:12:55 | INFO     | politician_location_dashboard  | 
2026-01-14 15:12:55 | INFO     | politician_location_dashboard  | 
2026-01-14 15:12:55 | INFO     | politician_location_dashboard  | 
2026-01-14 15:12:55 | INFO     | politician_location_dashboard  | 
2026-01-14 15:12:55 | INFO     | politician_location_dashboard  | 
2026-01-14 15:12:55 | INFO     | politician_location_dashboard  | 
2026-01-14 15:12:55 | INFO     | politician_location_dashboard  | 
2026-01-14 15:12:55 | INFO     | politician_location_dashboard  | 
2026-01-14 15:12:55 | INFO     | politician_location_dashboard  | 
2026-01-14 15:12:55 | INFO     | politician_location_dashboard  | 
2026-01-14 15:12:55 | INFO     | politician_location_dashboard  | 
2026-01-14 15:13:11 | INFO     | volunteer_location_stream      | 
2026-01-14 15:13:11 | INFO     | volunteer_location_stream      | 
2026-01-14 15:13:11 | INFO     | volunteer_location_stream      | 
2026-01-14 15:13:11 | INFO     | volunteer_location_stream      | 
2026-01-14 15:13:12 | INFO     | broadcast_location_to_politician | 
2026-01-14 15:13:12 | INFO     | broadcast_location_to_politician | 
2026-01-14 15:13:12 | INFO     | broadcast_location_to_politician | ================================================================================
2026-01-14 15:13:12 | INFO     | broadcast_location_to_politician | ================================================================================
2026-01-14 15:13:12 | INFO     | broadcast_location_to_politician | ================================================================================
2026-01-14 15:13:12 | INFO     | broadcast_location_to_politician | ================================================================================
2026-01-14 15:13:12 | INFO     | broadcast_location_to_politician | 
2026-01-14 15:13:12 | INFO     | broadcast_location_to_politician | 
2026-01-14 15:13:12 | WARNING  | broadcast_location_to_politician | 
2026-01-14 15:13:12 | WARNING  | broadcast_location_to_politician | 
2026-01-14 15:13:12 | WARNING  | broadcast_location_to_politician | 
2026-01-14 15:13:12 | WARNING  | broadcast_location_to_politician | 
2026-01-14 15:13:12 | INFO     | broadcast_location_to_politician | ================================================================================
2026-01-14 15:13:12 | INFO     | broadcast_location_to_politician | ================================================================================
2026-01-14 15:13:12 | INFO     | broadcast_location_to_politician | 
2026-01-14 15:13:12 | INFO     | broadcast_location_to_politician | 
2026-01-14 15:13:12 | INFO     | volunteer_location_stream      | 
2026-01-14 15:13:12 | INFO     | volunteer_location_stream      | 
2026-01-14 15:13:41 | INFO     | volunteer_location_stream      | 
2026-01-14 15:13:41 | INFO     | volunteer_location_stream      | 
2026-01-14 15:13:42 | INFO     | volunteer_location_stream      | 
2026-01-14 15:13:42 | INFO     | volunteer_location_stream      | 
2026-01-14 15:13:42 | INFO     | broadcast_location_to_politician | 
2026-01-14 15:13:42 | INFO     | broadcast_location_to_politician | 
2026-01-14 15:13:42 | INFO     | broadcast_location_to_politician | ================================================================================
2026-01-14 15:13:42 | INFO     | broadcast_location_to_politician | ================================================================================
2026-01-14 15:13:42 | INFO     | broadcast_location_to_politician | ================================================================================
2026-01-14 15:13:42 | INFO     | broadcast_location_to_politician | ================================================================================
2026-01-14 15:13:42 | INFO     | broadcast_location_to_politician | 
2026-01-14 15:13:42 | INFO     | broadcast_location_to_politician | 
2026-01-14 15:13:42 | WARNING  | broadcast_location_to_politician | 
2026-01-14 15:13:42 | WARNING  | broadcast_location_to_politician | 
2026-01-14 15:13:42 | WARNING  | broadcast_location_to_politician | 
2026-01-14 15:13:42 | WARNING  | broadcast_location_to_politician | 
2026-01-14 15:13:42 | INFO     | broadcast_location_to_politician | ================================================================================
2026-01-14 15:13:42 | INFO     | broadcast_location_to_politician | ================================================================================
2026-01-14 15:13:42 | INFO     | broadcast_location_to_politician | 
2026-01-14 15:13:42 | INFO     | broadcast_location_to_politician | 
2026-01-14 15:13:42 | INFO     | volunteer_location_stream      | 
2026-01-14 15:13:42 | INFO     | volunteer_location_stream      | 
2026-01-14 15:14:11 | INFO     | volunteer_location_stream      | 
2026-01-14 15:14:11 | INFO     | volunteer_location_stream      | 
2026-01-14 15:14:11 | INFO     | volunteer_location_stream      | 
2026-01-14 15:14:11 | INFO     | volunteer_location_stream      | 
2026-01-14 15:14:11 | INFO     | broadcast_location_to_politician | 
2026-01-14 15:14:11 | INFO     | broadcast_location_to_politician | 
2026-01-14 15:14:11 | INFO     | broadcast_location_to_politician | ================================================================================
2026-01-14 15:14:11 | INFO     | broadcast_location_to_politician | ================================================================================
2026-01-14 15:14:11 | INFO     | broadcast_location_to_politician | ================================================================================
2026-01-14 15:14:11 | INFO     | broadcast_location_to_politician | ================================================================================
2026-01-14 15:14:12 | INFO     | broadcast_location_to_politician | 
2026-01-14 15:14:12 | INFO     | broadcast_location_to_politician | 
2026-01-14 15:14:12 | WARNING  | broadcast_location_to_politician | 
2026-01-14 15:14:12 | WARNING  | broadcast_location_to_politician | 
2026-01-14 15:14:12 | WARNING  | broadcast_location_to_politician | 
2026-01-14 15:14:12 | WARNING  | broadcast_location_to_politician | 
2026-01-14 15:14:12 | INFO     | broadcast_location_to_politician | ================================================================================
2026-01-14 15:14:12 | INFO     | broadcast_location_to_politician | ================================================================================
2026-01-14 15:14:12 | INFO     | broadcast_location_to_politician | 
2026-01-14 15:14:12 | INFO     | broadcast_location_to_politician | 
2026-01-14 15:14:12 | INFO     | volunteer_location_stream      | 
2026-01-14 15:14:12 | INFO     | volunteer_location_stream      | 
2026-01-14 15:14:41 | INFO     | volunteer_location_stream      | 
2026-01-14 15:14:41 | INFO     | volunteer_location_stream      | 
2026-01-14 15:14:42 | INFO     | volunteer_location_stream      | 
2026-01-14 15:14:42 | INFO     | volunteer_location_stream      | 
2026-01-14 15:14:42 | INFO     | broadcast_location_to_politician | 
2026-01-14 15:14:42 | INFO     | broadcast_location_to_politician | 
2026-01-14 15:14:42 | INFO     | broadcast_location_to_politician | ================================================================================
2026-01-14 15:14:42 | INFO     | broadcast_location_to_politician | ================================================================================
2026-01-14 15:14:42 | INFO     | broadcast_location_to_politician | ================================================================================
2026-01-14 15:14:42 | INFO     | broadcast_location_to_politician | ================================================================================
2026-01-14 15:14:42 | INFO     | broadcast_location_to_politician | 
2026-01-14 15:14:42 | INFO     | broadcast_location_to_politician | 
2026-01-14 15:14:42 | WARNING  | broadcast_location_to_politician | 
2026-01-14 15:14:42 | WARNING  | broadcast_location_to_politician | 
2026-01-14 15:14:42 | WARNING  | broadcast_location_to_politician | 
2026-01-14 15:14:42 | WARNING  | broadcast_location_to_politician | 
2026-01-14 15:14:42 | INFO     | broadcast_location_to_politician | ================================================================================
2026-01-14 15:14:42 | INFO     | broadcast_location_to_politician | ================================================================================
2026-01-14 15:14:42 | INFO     | broadcast_location_to_politician | 
2026-01-14 15:14:42 | INFO     | broadcast_location_to_politician | 
2026-01-14 15:14:42 | INFO     | volunteer_location_stream      | 
2026-01-14 15:14:42 | INFO     | volunteer_location_stream      | 
2026-01-14 15:15:11 | INFO     | volunteer_location_stream      | 
2026-01-14 15:15:11 | INFO     | volunteer_location_stream      | 
2026-01-14 15:15:11 | INFO     | volunteer_location_stream      | 
2026-01-14 15:15:11 | INFO     | volunteer_location_stream      | 
2026-01-14 15:15:12 | INFO     | broadcast_location_to_politician | 
2026-01-14 15:15:12 | INFO     | broadcast_location_to_politician | 
2026-01-14 15:15:12 | INFO     | broadcast_location_to_politician | ================================================================================
2026-01-14 15:15:12 | INFO     | broadcast_location_to_politician | ================================================================================
2026-01-14 15:15:12 | INFO     | broadcast_location_to_politician | ================================================================================
2026-01-14 15:15:12 | INFO     | broadcast_location_to_politician | ================================================================================
2026-01-14 15:15:12 | INFO     | broadcast_location_to_politician | 
2026-01-14 15:15:12 | INFO     | broadcast_location_to_politician | 
2026-01-14 15:15:12 | WARNING  | broadcast_location_to_politician | 
2026-01-14 15:15:12 | WARNING  | broadcast_location_to_politician | 
2026-01-14 15:15:12 | WARNING  | broadcast_location_to_politician | 
2026-01-14 15:15:12 | WARNING  | broadcast_location_to_politician | 
2026-01-14 15:15:12 | INFO     | broadcast_location_to_politician | ================================================================================
2026-01-14 15:15:12 | INFO     | broadcast_location_to_politician | ================================================================================
2026-01-14 15:15:12 | INFO     | broadcast_location_to_politician | 
2026-01-14 15:15:12 | INFO     | broadcast_location_to_politician | 
2026-01-14 15:15:12 | INFO     | volunteer_location_stream      | 
2026-01-14 15:15:12 | INFO     | volunteer_location_stream      | 
2026-01-14 15:15:41 | INFO     | volunteer_location_stream      | 
2026-01-14 15:15:41 | INFO     | volunteer_location_stream      | 
2026-01-14 15:15:42 | INFO     | volunteer_location_stream      | 
2026-01-14 15:15:42 | INFO     | volunteer_location_stream      | 
2026-01-14 15:15:42 | INFO     | broadcast_location_to_politician | 
2026-01-14 15:15:42 | INFO     | broadcast_location_to_politician | 
2026-01-14 15:15:42 | INFO     | broadcast_location_to_politician | ================================================================================
2026-01-14 15:15:42 | INFO     | broadcast_location_to_politician | ================================================================================
2026-01-14 15:15:42 | INFO     | broadcast_location_to_politician | ================================================================================
2026-01-14 15:15:42 | INFO     | broadcast_location_to_politician | ================================================================================
2026-01-14 15:15:42 | INFO     | broadcast_location_to_politician | 
2026-01-14 15:15:42 | INFO     | broadcast_location_to_politician | 
2026-01-14 15:15:42 | WARNING  | broadcast_location_to_politician | 
2026-01-14 15:15:42 | WARNING  | broadcast_location_to_politician | 
2026-01-14 15:15:42 | WARNING  | broadcast_location_to_politician | 
2026-01-14 15:15:42 | WARNING  | broadcast_location_to_politician | 
2026-01-14 15:15:42 | INFO     | broadcast_location_to_politician | ================================================================================
2026-01-14 15:15:42 | INFO     | broadcast_location_to_politician | ================================================================================
2026-01-14 15:15:42 | INFO     | broadcast_location_to_politician | 
2026-01-14 15:15:42 | INFO     | broadcast_location_to_politician | 
2026-01-14 15:15:42 | INFO     | volunteer_location_stream      | 
2026-01-14 15:15:42 | INFO     | volunteer_location_stream      | 
2026-01-14 15:15:47 | INFO     | politician_location_dashboard  | ====================================================================================================
2026-01-14 15:15:47 | INFO     | politician_location_dashboard  | ====================================================================================================
2026-01-14 15:15:47 | INFO     | politician_location_dashboard  | ====================================================================================================
2026-01-14 15:15:47 | INFO     | politician_location_dashboard  | ====================================================================================================
2026-01-14 15:15:47 | INFO     | politician_location_dashboard  | 
2026-01-14 15:15:47 | INFO     | politician_location_dashboard  | 
2026-01-14 15:15:47 | INFO     | politician_location_dashboard  | ====================================================================================================
2026-01-14 15:15:47 | INFO     | politician_location_dashboard  | ====================================================================================================
2026-01-14 15:15:47 | INFO     | politician_location_dashboard  | ====================================================================================================
2026-01-14 15:15:47 | INFO     | politician_location_dashboard  | ====================================================================================================
2026-01-14 15:15:47 | INFO     | politician_location_dashboard  | 
2026-01-14 15:15:47 | INFO     | politician_location_dashboard  | 
2026-01-14 15:15:47 | INFO     | politician_location_dashboard  | ====================================================================================================
2026-01-14 15:15:47 | INFO     | politician_location_dashboard  | ====================================================================================================
2026-01-14 15:15:47 | INFO     | politician_location_dashboard  | ====================================================================================================
2026-01-14 15:15:47 | INFO     | politician_location_dashboard  | ====================================================================================================
2026-01-14 15:15:47 | INFO     | politician_location_dashboard  | 
2026-01-14 15:15:47 | INFO     | politician_location_dashboard  | 
2026-01-14 15:15:47 | INFO     | volunteer_location_stream      | 
2026-01-14 15:15:47 | INFO     | volunteer_location_stream      | 
2026-01-14 15:15:47 | INFO     | broadcast_location_to_politician | 
2026-01-14 15:15:47 | INFO     | broadcast_location_to_politician | 
2026-01-14 15:15:47 | INFO     | broadcast_location_to_politician | ================================================================================
2026-01-14 15:15:47 | INFO     | broadcast_location_to_politician | ================================================================================
2026-01-14 15:15:47 | INFO     | broadcast_location_to_politician | ================================================================================
2026-01-14 15:15:47 | INFO     | broadcast_location_to_politician | ================================================================================
2026-01-14 15:15:47 | INFO     | broadcast_location_to_politician | 
2026-01-14 15:15:47 | INFO     | broadcast_location_to_politician | 
2026-01-14 15:15:47 | WARNING  | broadcast_location_to_politician | 
2026-01-14 15:15:47 | WARNING  | broadcast_location_to_politician | 
2026-01-14 15:15:47 | INFO     | broadcast_location_to_politician | ================================================================================
2026-01-14 15:15:47 | INFO     | broadcast_location_to_politician | ================================================================================
2026-01-14 15:15:47 | INFO     | broadcast_location_to_politician | 
2026-01-14 15:15:47 | INFO     | broadcast_location_to_politician | 
2026-01-14 15:15:47 | INFO     | volunteer_location_stream      | ====================================================================================================
2026-01-14 15:15:47 | INFO     | volunteer_location_stream      | ====================================================================================================
2026-01-14 15:15:47 | INFO     | volunteer_location_stream      | ====================================================================================================
2026-01-14 15:15:47 | INFO     | volunteer_location_stream      | ====================================================================================================
2026-01-14 15:15:47 | INFO     | volunteer_location_stream      | 
2026-01-14 15:15:47 | INFO     | volunteer_location_stream      | 
2026-01-14 15:15:50 | INFO     | volunteer_location_stream      | ====================================================================================================
2026-01-14 15:15:50 | INFO     | volunteer_location_stream      | ====================================================================================================
2026-01-14 15:15:50 | INFO     | volunteer_location_stream      | VOLUNTEER WEBSOCKET CONNECTION ATTEMPT
2026-01-14 15:15:50 | INFO     | volunteer_location_stream      | VOLUNTEER WEBSOCKET CONNECTION ATTEMPT
2026-01-14 15:15:50 | INFO     | volunteer_location_stream      | ====================================================================================================
2026-01-14 15:15:50 | INFO     | volunteer_location_stream      | ====================================================================================================
2026-01-14 15:15:50 | INFO     | volunteer_location_stream      | Volunteer ID: 1
2026-01-14 15:15:50 | INFO     | volunteer_location_stream      | Volunteer ID: 1
2026-01-14 15:15:50 | INFO     | volunteer_location_stream      | Timestamp: 2026-01-14T09:45:50.098671+00:00
2026-01-14 15:15:50 | INFO     | volunteer_location_stream      | Timestamp: 2026-01-14T09:45:50.098671+00:00
2026-01-14 15:15:50 | INFO     | volunteer_location_stream      | Volunteer FOUND:
2026-01-14 15:15:50 | INFO     | volunteer_location_stream      | Volunteer FOUND:
2026-01-14 15:15:50 | INFO     | volunteer_location_stream      |    - Volunteer ID: 1
2026-01-14 15:15:50 | INFO     | volunteer_location_stream      |    - Volunteer ID: 1
2026-01-14 15:15:50 | INFO     | volunteer_location_stream      |    - Volunteer Name: imran
2026-01-14 15:15:50 | INFO     | volunteer_location_stream      |    - Volunteer Name: imran
2026-01-14 15:15:50 | INFO     | volunteer_location_stream      |    - BELONGS TO POLITICIAN ID: 1
2026-01-14 15:15:50 | INFO     | volunteer_location_stream      |    - BELONGS TO POLITICIAN ID: 1
2026-01-14 15:15:50 | INFO     | volunteer_location_stream      | Politician Details:
2026-01-14 15:15:50 | INFO     | volunteer_location_stream      | Politician Details:
2026-01-14 15:15:50 | INFO     | volunteer_location_stream      |    - Politician ID: 1
2026-01-14 15:15:50 | INFO     | volunteer_location_stream      |    - Politician ID: 1
2026-01-14 15:15:50 | INFO     | volunteer_location_stream      |    - Politician Name: imran pasha
2026-01-14 15:15:50 | INFO     | volunteer_location_stream      |    - Politician Name: imran pasha
2026-01-14 15:15:50 | INFO     | volunteer_location_stream      | Volunteer 1 WebSocket ACCEPTED
2026-01-14 15:15:50 | INFO     | volunteer_location_stream      | Volunteer 1 WebSocket ACCEPTED
2026-01-14 15:15:50 | INFO     | connect_volunteer              | ✅ LocationManager: Volunteer 1 connected
2026-01-14 15:15:50 | INFO     | connect_volunteer              | 📊 Active volunteer connections: 1
2026-01-14 15:15:50 | INFO     | connect_volunteer              |    ┗━ Connected volunteer IDs: [1]
2026-01-14 15:15:50 | INFO     | volunteer_location_stream      | BROADCASTING ONLINE STATUS:
2026-01-14 15:15:50 | INFO     | volunteer_location_stream      | BROADCASTING ONLINE STATUS:
2026-01-14 15:15:50 | INFO     | volunteer_location_stream      |    - FROM: Volunteer 1
2026-01-14 15:15:50 | INFO     | volunteer_location_stream      |    - FROM: Volunteer 1
2026-01-14 15:15:50 | INFO     | volunteer_location_stream      |    - TO: Politician 1 ONLY
2026-01-14 15:15:50 | INFO     | volunteer_location_stream      |    - TO: Politician 1 ONLY
2026-01-14 15:15:50 | INFO     | broadcast_location_to_politician | 
2026-01-14 15:15:50 | INFO     | broadcast_location_to_politician | 
2026-01-14 15:15:50 | INFO     | broadcast_location_to_politician | ================================================================================
2026-01-14 15:15:50 | INFO     | broadcast_location_to_politician | ================================================================================
2026-01-14 15:15:50 | INFO     | broadcast_location_to_politician | 📡 BROADCAST REQUEST RECEIVED BY LOCATIONMANAGER
2026-01-14 15:15:50 | INFO     | broadcast_location_to_politician | ================================================================================
2026-01-14 15:15:50 | INFO     | broadcast_location_to_politician | ================================================================================
2026-01-14 15:15:50 | INFO     | broadcast_location_to_politician |    ┣━ Target Politician ID: 1
2026-01-14 15:15:50 | INFO     | broadcast_location_to_politician |    ┣━ Volunteer ID: 1
2026-01-14 15:15:50 | INFO     | broadcast_location_to_politician |    ┣━ Volunteer Name: imran
2026-01-14 15:15:50 | INFO     | broadcast_location_to_politician |    ┣━ Status: online
2026-01-14 15:15:50 | INFO     | broadcast_location_to_politician |    ┗━ Location: (17.4255353, 78.4361566)
2026-01-14 15:15:50 | INFO     | broadcast_location_to_politician | 
2026-01-14 15:15:50 | INFO     | broadcast_location_to_politician | 
2026-01-14 15:15:50 | INFO     | broadcast_location_to_politician | 📊 CURRENT STATE OF ALL CONNECTIONS:
2026-01-14 15:15:50 | INFO     | broadcast_location_to_politician |    ┣━ Total politicians connected: 0
2026-01-14 15:15:50 | INFO     | broadcast_location_to_politician |    ┗━ All connected politician IDs: []
2026-01-14 15:15:50 | WARNING  | broadcast_location_to_politician | 
2026-01-14 15:15:50 | WARNING  | broadcast_location_to_politician | 
2026-01-14 15:15:50 | WARNING  | broadcast_location_to_politician | ⚠️  TARGET POLITICIAN NOT CONNECTED:
2026-01-14 15:15:50 | WARNING  | broadcast_location_to_politician |    ┣━ Politician 1 has NO active WebSocket connections
2026-01-14 15:15:50 | WARNING  | broadcast_location_to_politician |    ┣━ Currently connected politicians: []
2026-01-14 15:15:50 | WARNING  | broadcast_location_to_politician |    ┗━ Broadcast ABORTED (politician offline)
2026-01-14 15:15:50 | INFO     | broadcast_location_to_politician | ================================================================================
2026-01-14 15:15:50 | INFO     | broadcast_location_to_politician | ================================================================================
2026-01-14 15:15:50 | INFO     | broadcast_location_to_politician | 
2026-01-14 15:15:50 | INFO     | broadcast_location_to_politician | 
2026-01-14 15:15:50 | INFO     | volunteer_location_stream      | Listening for location updates from volunteer 1...
2026-01-14 15:15:50 | INFO     | volunteer_location_stream      | Listening for location updates from volunteer 1...
2026-01-14 15:15:51 | INFO     | politician_location_dashboard  | 
2026-01-14 15:15:51 | INFO     | politician_location_dashboard  | 
2026-01-14 15:15:51 | INFO     | politician_location_dashboard  | ====================================================================================================
2026-01-14 15:15:51 | INFO     | politician_location_dashboard  | ====================================================================================================
2026-01-14 15:15:51 | INFO     | politician_location_dashboard  | POLITICIAN WEBSOCKET CONNECTION ATTEMPT
2026-01-14 15:15:51 | INFO     | politician_location_dashboard  | POLITICIAN WEBSOCKET CONNECTION ATTEMPT
2026-01-14 15:15:51 | INFO     | politician_location_dashboard  | ====================================================================================================
2026-01-14 15:15:51 | INFO     | politician_location_dashboard  | ====================================================================================================
2026-01-14 15:15:51 | INFO     | politician_location_dashboard  | Timestamp: 2026-01-14T09:45:51.880739+00:00
2026-01-14 15:15:51 | INFO     | politician_location_dashboard  | Timestamp: 2026-01-14T09:45:51.880739+00:00
2026-01-14 15:15:51 | INFO     | politician_location_dashboard  | Politician FOUND:
2026-01-14 15:15:51 | INFO     | politician_location_dashboard  | Politician FOUND:
2026-01-14 15:15:51 | INFO     | politician_location_dashboard  |    - POLITICIAN ID: 2
2026-01-14 15:15:51 | INFO     | politician_location_dashboard  |    - POLITICIAN ID: 2
2026-01-14 15:15:51 | INFO     | politician_location_dashboard  |    - Email: playstore@gmail.com
2026-01-14 15:15:51 | INFO     | politician_location_dashboard  |    - Email: playstore@gmail.com
2026-01-14 15:15:51 | INFO     | politician_location_dashboard  |    - Full Name: Play store
2026-01-14 15:15:51 | INFO     | politician_location_dashboard  |    - Full Name: Play store
2026-01-14 15:15:51 | INFO     | politician_location_dashboard  | Politician 2 WebSocket ACCEPTED
2026-01-14 15:15:51 | INFO     | politician_location_dashboard  | Politician 2 WebSocket ACCEPTED
2026-01-14 15:15:51 | INFO     | connect_politician             | ✅ LocationManager: Politician 2 connected
2026-01-14 15:15:51 | INFO     | connect_politician             |    ┣━ This politician now has 1 connection(s)
2026-01-14 15:15:51 | INFO     | connect_politician             |    ┗━ Total politicians connected: 1
2026-01-14 15:15:51 | INFO     | connect_politician             | 📊 All connected politician IDs: [2]
2026-01-14 15:15:51 | INFO     | politician_location_dashboard  | Fetching volunteers FOR POLITICIAN 2 ONLY...
2026-01-14 15:15:51 | INFO     | politician_location_dashboard  | Fetching volunteers FOR POLITICIAN 2 ONLY...
2026-01-14 15:15:51 | INFO     | politician_location_dashboard  | Found 1 volunteer(s) for Politician 2
2026-01-14 15:15:51 | INFO     | politician_location_dashboard  | Found 1 volunteer(s) for Politician 2
2026-01-14 15:15:51 | INFO     | politician_location_dashboard  |    [1] Volunteer ID: 2, Name: immu, Belongs to Politician: 2
2026-01-14 15:15:51 | INFO     | politician_location_dashboard  |    [1] Volunteer ID: 2, Name: immu, Belongs to Politician: 2
2026-01-14 15:15:51 | INFO     | politician_location_dashboard  | SECURITY CHECK:
2026-01-14 15:15:51 | INFO     | politician_location_dashboard  | SECURITY CHECK:
2026-01-14 15:15:51 | INFO     | politician_location_dashboard  |    - These 1 volunteers belong ONLY to Politician 2
2026-01-14 15:15:51 | INFO     | politician_location_dashboard  |    - These 1 volunteers belong ONLY to Politician 2
2026-01-14 15:15:51 | INFO     | politician_location_dashboard  |    - NO OTHER politician should see these volunteers!
2026-01-14 15:15:51 | INFO     | politician_location_dashboard  |    - NO OTHER politician should see these volunteers!
2026-01-14 15:15:51 | INFO     | politician_location_dashboard  | CACHE PREVENTION ACTIVE:
2026-01-14 15:15:51 | INFO     | politician_location_dashboard  | CACHE PREVENTION ACTIVE:
2026-01-14 15:15:51 | INFO     | politician_location_dashboard  |    - Current time: 2026-01-14T09:45:51.914042+00:00
2026-01-14 15:15:51 | INFO     | politician_location_dashboard  |    - Current time: 2026-01-14T09:45:51.914042+00:00
2026-01-14 15:15:51 | INFO     | politician_location_dashboard  |    - Only locations newer than: 2026-01-14T09:40:51.914042+00:00
2026-01-14 15:15:51 | INFO     | politician_location_dashboard  |    - Only locations newer than: 2026-01-14T09:40:51.914042+00:00
2026-01-14 15:15:51 | INFO     | politician_location_dashboard  |    - Locations older than 5 minutes will show as 'offline'
2026-01-14 15:15:51 | INFO     | politician_location_dashboard  |    - Locations older than 5 minutes will show as 'offline'
2026-01-14 15:15:51 | INFO     | politician_location_dashboard  |    - Volunteer 2: offline (no recent location)
2026-01-14 15:15:51 | INFO     | politician_location_dashboard  |    - Volunteer 2: offline (no recent location)
2026-01-14 15:15:51 | INFO     | politician_location_dashboard  | SENDING INITIAL STATE to Politician 2:
2026-01-14 15:15:51 | INFO     | politician_location_dashboard  | SENDING INITIAL STATE to Politician 2:
2026-01-14 15:15:51 | INFO     | politician_location_dashboard  |    - Total volunteers: 1
2026-01-14 15:15:51 | INFO     | politician_location_dashboard  |    - Total volunteers: 1
2026-01-14 15:15:51 | INFO     | politician_location_dashboard  |    - With recent locations: 0
2026-01-14 15:15:51 | INFO     | politician_location_dashboard  |    - With recent locations: 0
2026-01-14 15:15:51 | INFO     | politician_location_dashboard  |    - Offline/no recent data: 1
2026-01-14 15:15:51 | INFO     | politician_location_dashboard  |    - Offline/no recent data: 1
2026-01-14 15:15:51 | INFO     | politician_location_dashboard  | Initial state sent successfully
2026-01-14 15:15:51 | INFO     | politician_location_dashboard  | Initial state sent successfully
2026-01-14 15:15:51 | INFO     | politician_location_dashboard  | Listening for messages from Politician 2...
2026-01-14 15:15:51 | INFO     | politician_location_dashboard  | Listening for messages from Politician 2...
2026-01-14 15:15:51 | INFO     | politician_location_dashboard  | Will receive updates ONLY from their 1 volunteer(s)
2026-01-14 15:15:51 | INFO     | politician_location_dashboard  | Will receive updates ONLY from their 1 volunteer(s)
2026-01-14 15:16:02 | INFO     | politician_location_dashboard  | Politician 2 disconnected gracefully
2026-01-14 15:16:02 | INFO     | politician_location_dashboard  | Politician 2 disconnected gracefully
2026-01-14 15:16:02 | INFO     | disconnect_politician          | 🔌 LocationManager: Politician 2 fully disconnected
2026-01-14 15:16:02 | INFO     | disconnect_politician          |    ┗━ Remaining politicians: []
2026-01-14 15:16:02 | INFO     | politician_location_dashboard  | Cleanup complete for politician 2
2026-01-14 15:16:02 | INFO     | politician_location_dashboard  | Cleanup complete for politician 2
2026-01-14 15:16:02 | INFO     | politician_location_dashboard  | ====================================================================================================
2026-01-14 15:16:02 | INFO     | politician_location_dashboard  | ====================================================================================================
2026-01-14 15:16:02 | INFO     | politician_location_dashboard  | POLITICIAN 2 SESSION ENDED
2026-01-14 15:16:02 | INFO     | politician_location_dashboard  | POLITICIAN 2 SESSION ENDED
2026-01-14 15:16:02 | INFO     | politician_location_dashboard  | ====================================================================================================
2026-01-14 15:16:02 | INFO     | politician_location_dashboard  | ====================================================================================================
2026-01-14 15:16:02 | INFO     | volunteer_location_stream      | Volunteer 1 WebSocket DISCONNECTED
2026-01-14 15:16:02 | INFO     | volunteer_location_stream      | Volunteer 1 WebSocket DISCONNECTED
2026-01-14 15:16:02 | INFO     | volunteer_location_stream      | CLEANUP for volunteer 1
2026-01-14 15:16:02 | INFO     | volunteer_location_stream      | CLEANUP for volunteer 1
2026-01-14 15:16:02 | INFO     | disconnect_volunteer           | 🔌 LocationManager: Volunteer 1 disconnected
2026-01-14 15:16:02 | INFO     | disconnect_volunteer           | 📊 Remaining volunteer connections: 0
2026-01-14 15:16:02 | INFO     | disconnect_volunteer           |    ┗━ Still connected: []
2026-01-14 15:16:02 | INFO     | volunteer_location_stream      | BROADCASTING OFFLINE to Politician 1
2026-01-14 15:16:02 | INFO     | volunteer_location_stream      | BROADCASTING OFFLINE to Politician 1
2026-01-14 15:16:02 | INFO     | broadcast_location_to_politician | 
2026-01-14 15:16:02 | INFO     | broadcast_location_to_politician | 
2026-01-14 15:16:02 | INFO     | broadcast_location_to_politician | ================================================================================
2026-01-14 15:16:02 | INFO     | broadcast_location_to_politician | ================================================================================
2026-01-14 15:16:02 | INFO     | broadcast_location_to_politician | 📡 BROADCAST REQUEST RECEIVED BY LOCATIONMANAGER
2026-01-14 15:16:02 | INFO     | broadcast_location_to_politician | ================================================================================
2026-01-14 15:16:02 | INFO     | broadcast_location_to_politician | ================================================================================
2026-01-14 15:16:02 | INFO     | broadcast_location_to_politician |    ┣━ Target Politician ID: 1
2026-01-14 15:16:02 | INFO     | broadcast_location_to_politician |    ┣━ Volunteer ID: 1
2026-01-14 15:16:02 | INFO     | broadcast_location_to_politician |    ┣━ Volunteer Name: imran
2026-01-14 15:16:02 | INFO     | broadcast_location_to_politician |    ┣━ Status: offline
2026-01-14 15:16:02 | INFO     | broadcast_location_to_politician |    ┗━ Location: (17.4255353, 78.4361566)
2026-01-14 15:16:02 | INFO     | broadcast_location_to_politician | 
2026-01-14 15:16:02 | INFO     | broadcast_location_to_politician | 
2026-01-14 15:16:02 | INFO     | broadcast_location_to_politician | 📊 CURRENT STATE OF ALL CONNECTIONS:
2026-01-14 15:16:02 | INFO     | broadcast_location_to_politician |    ┣━ Total politicians connected: 0
2026-01-14 15:16:02 | INFO     | broadcast_location_to_politician |    ┗━ All connected politician IDs: []
2026-01-14 15:16:02 | WARNING  | broadcast_location_to_politician | 
2026-01-14 15:16:02 | WARNING  | broadcast_location_to_politician | 
2026-01-14 15:16:02 | WARNING  | broadcast_location_to_politician | ⚠️  TARGET POLITICIAN NOT CONNECTED:
2026-01-14 15:16:02 | WARNING  | broadcast_location_to_politician |    ┣━ Politician 1 has NO active WebSocket connections
2026-01-14 15:16:02 | WARNING  | broadcast_location_to_politician |    ┣━ Currently connected politicians: []
2026-01-14 15:16:02 | WARNING  | broadcast_location_to_politician |    ┗━ Broadcast ABORTED (politician offline)
2026-01-14 15:16:02 | INFO     | broadcast_location_to_politician | ================================================================================
2026-01-14 15:16:02 | INFO     | broadcast_location_to_politician | ================================================================================
2026-01-14 15:16:02 | INFO     | broadcast_location_to_politician | 
2026-01-14 15:16:02 | INFO     | broadcast_location_to_politician | 
2026-01-14 15:16:02 | INFO     | volunteer_location_stream      | ====================================================================================================
2026-01-14 15:16:02 | INFO     | volunteer_location_stream      | ====================================================================================================
2026-01-14 15:16:02 | INFO     | volunteer_location_stream      | VOLUNTEER 1 SESSION ENDED
2026-01-14 15:16:02 | INFO     | volunteer_location_stream      | VOLUNTEER 1 SESSION ENDED
2026-01-14 15:16:02 | INFO     | volunteer_location_stream      | ====================================================================================================
2026-01-14 15:16:02 | INFO     | volunteer_location_stream      | ====================================================================================================
2026-01-14 15:16:04 | INFO     | politician_location_dashboard  | 
2026-01-14 15:16:04 | INFO     | politician_location_dashboard  | ====================================================================================================
2026-01-14 15:16:04 | INFO     | politician_location_dashboard  | POLITICIAN WEBSOCKET CONNECTION ATTEMPT
2026-01-14 15:16:04 | INFO     | politician_location_dashboard  | ====================================================================================================
2026-01-14 15:16:04 | INFO     | politician_location_dashboard  | Timestamp: 2026-01-14T09:46:04.406908+00:00
2026-01-14 15:16:04 | INFO     | politician_location_dashboard  | Politician FOUND:
2026-01-14 15:16:04 | INFO     | politician_location_dashboard  |    - POLITICIAN ID: 2
2026-01-14 15:16:04 | INFO     | politician_location_dashboard  |    - Email: playstore@gmail.com
2026-01-14 15:16:04 | INFO     | politician_location_dashboard  |    - Full Name: Play store
2026-01-14 15:16:04 | INFO     | politician_location_dashboard  | Politician 2 WebSocket ACCEPTED
2026-01-14 15:16:04 | INFO     | connect_politician             | Politician 2 connected (Connections: 1)
2026-01-14 15:16:04 | INFO     | connect_politician             | All connected politicians: [2]
2026-01-14 15:16:04 | INFO     | politician_location_dashboard  | Fetching volunteers FOR POLITICIAN 2 ONLY...
2026-01-14 15:16:04 | INFO     | politician_location_dashboard  | Found 1 volunteer(s) for Politician 2
2026-01-14 15:16:04 | INFO     | politician_location_dashboard  |    [1] Volunteer ID: 2, Name: immu, Belongs to Politician: 2
2026-01-14 15:16:04 | INFO     | politician_location_dashboard  | SECURITY CHECK:
2026-01-14 15:16:04 | INFO     | politician_location_dashboard  |    - These 1 volunteers belong ONLY to Politician 2
2026-01-14 15:16:04 | INFO     | politician_location_dashboard  |    - NO OTHER politician should see these volunteers!
2026-01-14 15:16:04 | INFO     | politician_location_dashboard  | CACHE PREVENTION ACTIVE:
2026-01-14 15:16:04 | INFO     | politician_location_dashboard  |    - Current time: 2026-01-14T09:46:04.433546+00:00
2026-01-14 15:16:04 | INFO     | politician_location_dashboard  |    - Only locations newer than: 2026-01-14T09:41:04.433546+00:00
2026-01-14 15:16:04 | INFO     | politician_location_dashboard  |    - Locations older than 5 minutes will show as 'offline'
2026-01-14 15:16:04 | INFO     | politician_location_dashboard  |    - Volunteer 2: offline (no recent location)
2026-01-14 15:16:04 | INFO     | politician_location_dashboard  | SENDING INITIAL STATE to Politician 2:
2026-01-14 15:16:04 | INFO     | politician_location_dashboard  |    - Total volunteers: 1
2026-01-14 15:16:04 | INFO     | politician_location_dashboard  |    - With recent locations: 0
2026-01-14 15:16:04 | INFO     | politician_location_dashboard  |    - Offline/no recent data: 1
2026-01-14 15:16:04 | INFO     | politician_location_dashboard  | Initial state sent successfully
2026-01-14 15:16:04 | INFO     | politician_location_dashboard  | Listening for messages from Politician 2...
2026-01-14 15:16:04 | INFO     | politician_location_dashboard  | Will receive updates ONLY from their 1 volunteer(s)
2026-01-14 15:16:04 | INFO     | volunteer_location_stream      | ====================================================================================================
2026-01-14 15:16:04 | INFO     | volunteer_location_stream      | VOLUNTEER WEBSOCKET CONNECTION ATTEMPT
2026-01-14 15:16:04 | INFO     | volunteer_location_stream      | ====================================================================================================
2026-01-14 15:16:04 | INFO     | volunteer_location_stream      | Volunteer ID: 1
2026-01-14 15:16:04 | INFO     | volunteer_location_stream      | Timestamp: 2026-01-14T09:46:04.528585+00:00
2026-01-14 15:16:04 | INFO     | volunteer_location_stream      | Volunteer FOUND:
2026-01-14 15:16:04 | INFO     | volunteer_location_stream      |    - Volunteer ID: 1
2026-01-14 15:16:04 | INFO     | volunteer_location_stream      |    - Volunteer Name: imran
2026-01-14 15:16:04 | INFO     | volunteer_location_stream      |    - BELONGS TO POLITICIAN ID: 1
2026-01-14 15:16:04 | INFO     | volunteer_location_stream      | Politician Details:
2026-01-14 15:16:04 | INFO     | volunteer_location_stream      |    - Politician ID: 1
2026-01-14 15:16:04 | INFO     | volunteer_location_stream      |    - Politician Name: imran pasha
2026-01-14 15:16:04 | INFO     | volunteer_location_stream      | Volunteer 1 WebSocket ACCEPTED
2026-01-14 15:16:04 | INFO     | connect_volunteer              | Volunteer 1 connected (Total: 1)
2026-01-14 15:16:04 | INFO     | volunteer_location_stream      | BROADCASTING ONLINE STATUS:
2026-01-14 15:16:04 | INFO     | volunteer_location_stream      |    - FROM: Volunteer 1
2026-01-14 15:16:04 | INFO     | volunteer_location_stream      |    - TO: Politician 1 ONLY
2026-01-14 15:16:04 | INFO     | broadcast_location_to_politician | BROADCAST REQUEST:
2026-01-14 15:16:04 | INFO     | broadcast_location_to_politician |    - Target: Politician 1
2026-01-14 15:16:04 | INFO     | broadcast_location_to_politician |    - Volunteer: 1
2026-01-14 15:16:04 | INFO     | broadcast_location_to_politician |    - Status: online
2026-01-14 15:16:04 | INFO     | broadcast_location_to_politician |    - All connected politicians: [2]
2026-01-14 15:16:04 | WARNING  | broadcast_location_to_politician | SECURITY: Other politicians connected [2] - they will NOT receive this
2026-01-14 15:16:04 | WARNING  | broadcast_location_to_politician | Politician 1 not connected - broadcast skipped
2026-01-14 15:16:04 | INFO     | volunteer_location_stream      | Listening for location updates from volunteer 1...
2026-01-14 15:16:05 | INFO     | politician_location_dashboard  | Politician 2 disconnected gracefully
2026-01-14 15:16:05 | INFO     | disconnect_politician          | Politician 2 fully disconnected
2026-01-14 15:16:05 | INFO     | politician_location_dashboard  | Cleanup complete for politician 2
2026-01-14 15:16:05 | INFO     | politician_location_dashboard  | ====================================================================================================
2026-01-14 15:16:05 | INFO     | politician_location_dashboard  | POLITICIAN 2 SESSION ENDED
2026-01-14 15:16:05 | INFO     | politician_location_dashboard  | ====================================================================================================
2026-01-14 15:16:05 | INFO     | volunteer_location_stream      | Volunteer 1 WebSocket DISCONNECTED
2026-01-14 15:16:05 | INFO     | volunteer_location_stream      | CLEANUP for volunteer 1
2026-01-14 15:16:05 | INFO     | disconnect_volunteer           | Volunteer 1 disconnected (Remaining: 0)
2026-01-14 15:16:05 | INFO     | volunteer_location_stream      | BROADCASTING OFFLINE to Politician 1
2026-01-14 15:16:05 | INFO     | broadcast_location_to_politician | BROADCAST REQUEST:
2026-01-14 15:16:05 | INFO     | broadcast_location_to_politician |    - Target: Politician 1
2026-01-14 15:16:05 | INFO     | broadcast_location_to_politician |    - Volunteer: 1
2026-01-14 15:16:05 | INFO     | broadcast_location_to_politician |    - Status: offline
2026-01-14 15:16:05 | INFO     | broadcast_location_to_politician |    - All connected politicians: []
2026-01-14 15:16:05 | WARNING  | broadcast_location_to_politician | Politician 1 not connected - broadcast skipped
2026-01-14 15:16:05 | INFO     | volunteer_location_stream      | ====================================================================================================
2026-01-14 15:16:05 | INFO     | volunteer_location_stream      | VOLUNTEER 1 SESSION ENDED
2026-01-14 15:16:05 | INFO     | volunteer_location_stream      | ====================================================================================================
2026-01-14 15:16:07 | INFO     | politician_location_dashboard  | 
2026-01-14 15:16:07 | INFO     | politician_location_dashboard  | 
2026-01-14 15:16:07 | INFO     | politician_location_dashboard  | ====================================================================================================
2026-01-14 15:16:07 | INFO     | politician_location_dashboard  | ====================================================================================================
2026-01-14 15:16:07 | INFO     | politician_location_dashboard  | POLITICIAN WEBSOCKET CONNECTION ATTEMPT
2026-01-14 15:16:07 | INFO     | politician_location_dashboard  | POLITICIAN WEBSOCKET CONNECTION ATTEMPT
2026-01-14 15:16:07 | INFO     | politician_location_dashboard  | ====================================================================================================
2026-01-14 15:16:07 | INFO     | politician_location_dashboard  | ====================================================================================================
2026-01-14 15:16:07 | INFO     | politician_location_dashboard  | Timestamp: 2026-01-14T09:46:07.956060+00:00
2026-01-14 15:16:07 | INFO     | politician_location_dashboard  | Timestamp: 2026-01-14T09:46:07.956060+00:00
2026-01-14 15:16:07 | INFO     | politician_location_dashboard  | Politician FOUND:
2026-01-14 15:16:07 | INFO     | politician_location_dashboard  | Politician FOUND:
2026-01-14 15:16:07 | INFO     | politician_location_dashboard  |    - POLITICIAN ID: 2
2026-01-14 15:16:07 | INFO     | politician_location_dashboard  |    - POLITICIAN ID: 2
2026-01-14 15:16:07 | INFO     | politician_location_dashboard  |    - Email: playstore@gmail.com
2026-01-14 15:16:07 | INFO     | politician_location_dashboard  |    - Email: playstore@gmail.com
2026-01-14 15:16:07 | INFO     | politician_location_dashboard  |    - Full Name: Play store
2026-01-14 15:16:07 | INFO     | politician_location_dashboard  |    - Full Name: Play store
2026-01-14 15:16:07 | INFO     | politician_location_dashboard  | Politician 2 WebSocket ACCEPTED
2026-01-14 15:16:07 | INFO     | politician_location_dashboard  | Politician 2 WebSocket ACCEPTED
2026-01-14 15:16:07 | INFO     | connect_politician             | ✅ LocationManager: Politician 2 connected
2026-01-14 15:16:07 | INFO     | connect_politician             |    ┣━ This politician now has 1 connection(s)
2026-01-14 15:16:07 | INFO     | connect_politician             |    ┗━ Total politicians connected: 1
2026-01-14 15:16:07 | INFO     | connect_politician             | 📊 All connected politician IDs: [2]
2026-01-14 15:16:07 | INFO     | politician_location_dashboard  | Fetching volunteers FOR POLITICIAN 2 ONLY...
2026-01-14 15:16:07 | INFO     | politician_location_dashboard  | Fetching volunteers FOR POLITICIAN 2 ONLY...
2026-01-14 15:16:07 | INFO     | politician_location_dashboard  | Found 1 volunteer(s) for Politician 2
2026-01-14 15:16:07 | INFO     | politician_location_dashboard  | Found 1 volunteer(s) for Politician 2
2026-01-14 15:16:07 | INFO     | politician_location_dashboard  |    [1] Volunteer ID: 2, Name: immu, Belongs to Politician: 2
2026-01-14 15:16:07 | INFO     | politician_location_dashboard  |    [1] Volunteer ID: 2, Name: immu, Belongs to Politician: 2
2026-01-14 15:16:07 | INFO     | politician_location_dashboard  | SECURITY CHECK:
2026-01-14 15:16:07 | INFO     | politician_location_dashboard  | SECURITY CHECK:
2026-01-14 15:16:07 | INFO     | politician_location_dashboard  |    - These 1 volunteers belong ONLY to Politician 2
2026-01-14 15:16:07 | INFO     | politician_location_dashboard  |    - These 1 volunteers belong ONLY to Politician 2
2026-01-14 15:16:07 | INFO     | politician_location_dashboard  |    - NO OTHER politician should see these volunteers!
2026-01-14 15:16:07 | INFO     | politician_location_dashboard  |    - NO OTHER politician should see these volunteers!
2026-01-14 15:16:07 | INFO     | politician_location_dashboard  | CACHE PREVENTION ACTIVE:
2026-01-14 15:16:07 | INFO     | politician_location_dashboard  | CACHE PREVENTION ACTIVE:
2026-01-14 15:16:07 | INFO     | politician_location_dashboard  |    - Current time: 2026-01-14T09:46:07.996272+00:00
2026-01-14 15:16:07 | INFO     | politician_location_dashboard  |    - Current time: 2026-01-14T09:46:07.996272+00:00
2026-01-14 15:16:07 | INFO     | politician_location_dashboard  |    - Only locations newer than: 2026-01-14T09:41:07.996272+00:00
2026-01-14 15:16:07 | INFO     | politician_location_dashboard  |    - Only locations newer than: 2026-01-14T09:41:07.996272+00:00
2026-01-14 15:16:07 | INFO     | politician_location_dashboard  |    - Locations older than 5 minutes will show as 'offline'
2026-01-14 15:16:07 | INFO     | politician_location_dashboard  |    - Locations older than 5 minutes will show as 'offline'
2026-01-14 15:16:08 | INFO     | politician_location_dashboard  |    - Volunteer 2: offline (no recent location)
2026-01-14 15:16:08 | INFO     | politician_location_dashboard  |    - Volunteer 2: offline (no recent location)
2026-01-14 15:16:08 | INFO     | politician_location_dashboard  | SENDING INITIAL STATE to Politician 2:
2026-01-14 15:16:08 | INFO     | politician_location_dashboard  | SENDING INITIAL STATE to Politician 2:
2026-01-14 15:16:08 | INFO     | politician_location_dashboard  |    - Total volunteers: 1
2026-01-14 15:16:08 | INFO     | politician_location_dashboard  |    - Total volunteers: 1
2026-01-14 15:16:08 | INFO     | politician_location_dashboard  |    - With recent locations: 0
2026-01-14 15:16:08 | INFO     | politician_location_dashboard  |    - With recent locations: 0
2026-01-14 15:16:08 | INFO     | politician_location_dashboard  |    - Offline/no recent data: 1
2026-01-14 15:16:08 | INFO     | politician_location_dashboard  |    - Offline/no recent data: 1
2026-01-14 15:16:08 | INFO     | politician_location_dashboard  | Initial state sent successfully
2026-01-14 15:16:08 | INFO     | politician_location_dashboard  | Initial state sent successfully
2026-01-14 15:16:08 | INFO     | politician_location_dashboard  | Listening for messages from Politician 2...
2026-01-14 15:16:08 | INFO     | politician_location_dashboard  | Listening for messages from Politician 2...
2026-01-14 15:16:08 | INFO     | politician_location_dashboard  | Will receive updates ONLY from their 1 volunteer(s)
2026-01-14 15:16:08 | INFO     | politician_location_dashboard  | Will receive updates ONLY from their 1 volunteer(s)
2026-01-14 15:16:08 | INFO     | volunteer_location_stream      | ====================================================================================================
2026-01-14 15:16:08 | INFO     | volunteer_location_stream      | ====================================================================================================
2026-01-14 15:16:08 | INFO     | volunteer_location_stream      | VOLUNTEER WEBSOCKET CONNECTION ATTEMPT
2026-01-14 15:16:08 | INFO     | volunteer_location_stream      | VOLUNTEER WEBSOCKET CONNECTION ATTEMPT
2026-01-14 15:16:08 | INFO     | volunteer_location_stream      | ====================================================================================================
2026-01-14 15:16:08 | INFO     | volunteer_location_stream      | ====================================================================================================
2026-01-14 15:16:08 | INFO     | volunteer_location_stream      | Volunteer ID: 1
2026-01-14 15:16:08 | INFO     | volunteer_location_stream      | Volunteer ID: 1
2026-01-14 15:16:08 | INFO     | volunteer_location_stream      | Timestamp: 2026-01-14T09:46:08.004000+00:00
2026-01-14 15:16:08 | INFO     | volunteer_location_stream      | Timestamp: 2026-01-14T09:46:08.004000+00:00
2026-01-14 15:16:08 | INFO     | volunteer_location_stream      | Volunteer FOUND:
2026-01-14 15:16:08 | INFO     | volunteer_location_stream      | Volunteer FOUND:
2026-01-14 15:16:08 | INFO     | volunteer_location_stream      |    - Volunteer ID: 1
2026-01-14 15:16:08 | INFO     | volunteer_location_stream      |    - Volunteer ID: 1
2026-01-14 15:16:08 | INFO     | volunteer_location_stream      |    - Volunteer Name: imran
2026-01-14 15:16:08 | INFO     | volunteer_location_stream      |    - Volunteer Name: imran
2026-01-14 15:16:08 | INFO     | volunteer_location_stream      |    - BELONGS TO POLITICIAN ID: 1
2026-01-14 15:16:08 | INFO     | volunteer_location_stream      |    - BELONGS TO POLITICIAN ID: 1
2026-01-14 15:16:08 | INFO     | volunteer_location_stream      | Politician Details:
2026-01-14 15:16:08 | INFO     | volunteer_location_stream      | Politician Details:
2026-01-14 15:16:08 | INFO     | volunteer_location_stream      |    - Politician ID: 1
2026-01-14 15:16:08 | INFO     | volunteer_location_stream      |    - Politician ID: 1
2026-01-14 15:16:08 | INFO     | volunteer_location_stream      |    - Politician Name: imran pasha
2026-01-14 15:16:08 | INFO     | volunteer_location_stream      |    - Politician Name: imran pasha
2026-01-14 15:16:08 | INFO     | volunteer_location_stream      | Volunteer 1 WebSocket ACCEPTED
2026-01-14 15:16:08 | INFO     | volunteer_location_stream      | Volunteer 1 WebSocket ACCEPTED
2026-01-14 15:16:08 | INFO     | connect_volunteer              | ✅ LocationManager: Volunteer 1 connected
2026-01-14 15:16:08 | INFO     | connect_volunteer              | 📊 Active volunteer connections: 1
2026-01-14 15:16:08 | INFO     | connect_volunteer              |    ┗━ Connected volunteer IDs: [1]
2026-01-14 15:16:08 | INFO     | volunteer_location_stream      | BROADCASTING ONLINE STATUS:
2026-01-14 15:16:08 | INFO     | volunteer_location_stream      | BROADCASTING ONLINE STATUS:
2026-01-14 15:16:08 | INFO     | volunteer_location_stream      |    - FROM: Volunteer 1
2026-01-14 15:16:08 | INFO     | volunteer_location_stream      |    - FROM: Volunteer 1
2026-01-14 15:16:08 | INFO     | volunteer_location_stream      |    - TO: Politician 1 ONLY
2026-01-14 15:16:08 | INFO     | volunteer_location_stream      |    - TO: Politician 1 ONLY
2026-01-14 15:16:08 | INFO     | broadcast_location_to_politician | 
2026-01-14 15:16:08 | INFO     | broadcast_location_to_politician | 
2026-01-14 15:16:08 | INFO     | broadcast_location_to_politician | ================================================================================
2026-01-14 15:16:08 | INFO     | broadcast_location_to_politician | ================================================================================
2026-01-14 15:16:08 | INFO     | broadcast_location_to_politician | 📡 BROADCAST REQUEST RECEIVED BY LOCATIONMANAGER
2026-01-14 15:16:08 | INFO     | broadcast_location_to_politician | ================================================================================
2026-01-14 15:16:08 | INFO     | broadcast_location_to_politician | ================================================================================
2026-01-14 15:16:08 | INFO     | broadcast_location_to_politician |    ┣━ Target Politician ID: 1
2026-01-14 15:16:08 | INFO     | broadcast_location_to_politician |    ┣━ Volunteer ID: 1
2026-01-14 15:16:08 | INFO     | broadcast_location_to_politician |    ┣━ Volunteer Name: imran
2026-01-14 15:16:08 | INFO     | broadcast_location_to_politician |    ┣━ Status: online
2026-01-14 15:16:08 | INFO     | broadcast_location_to_politician |    ┗━ Location: (17.4255353, 78.4361566)
2026-01-14 15:16:08 | INFO     | broadcast_location_to_politician | 
2026-01-14 15:16:08 | INFO     | broadcast_location_to_politician | 
2026-01-14 15:16:08 | INFO     | broadcast_location_to_politician | 📊 CURRENT STATE OF ALL CONNECTIONS:
2026-01-14 15:16:08 | INFO     | broadcast_location_to_politician |    ┣━ Total politicians connected: 1
2026-01-14 15:16:08 | INFO     | broadcast_location_to_politician |    ┗━ All connected politician IDs: [2]
2026-01-14 15:16:08 | WARNING  | broadcast_location_to_politician | 
2026-01-14 15:16:08 | WARNING  | broadcast_location_to_politician | 
2026-01-14 15:16:08 | WARNING  | broadcast_location_to_politician | 🚨 SECURITY ALERT:
2026-01-14 15:16:08 | WARNING  | broadcast_location_to_politician |    ┣━ Politician 2 is ALSO connected
2026-01-14 15:16:08 | WARNING  | broadcast_location_to_politician |    ┗━ This broadcast is for Politician 1 ONLY!
2026-01-14 15:16:08 | WARNING  | broadcast_location_to_politician |    ┗━ Politician 2 should NOT receive this update
2026-01-14 15:16:08 | WARNING  | broadcast_location_to_politician | 
2026-01-14 15:16:08 | WARNING  | broadcast_location_to_politician | 
2026-01-14 15:16:08 | WARNING  | broadcast_location_to_politician | ⚠️  TARGET POLITICIAN NOT CONNECTED:
2026-01-14 15:16:08 | WARNING  | broadcast_location_to_politician |    ┣━ Politician 1 has NO active WebSocket connections
2026-01-14 15:16:08 | WARNING  | broadcast_location_to_politician |    ┣━ Currently connected politicians: [2]
2026-01-14 15:16:08 | WARNING  | broadcast_location_to_politician |    ┗━ Broadcast ABORTED (politician offline)
2026-01-14 15:16:08 | INFO     | broadcast_location_to_politician | ================================================================================
2026-01-14 15:16:08 | INFO     | broadcast_location_to_politician | ================================================================================
2026-01-14 15:16:08 | INFO     | broadcast_location_to_politician | 
2026-01-14 15:16:08 | INFO     | broadcast_location_to_politician | 
2026-01-14 15:16:08 | INFO     | volunteer_location_stream      | Listening for location updates from volunteer 1...
2026-01-14 15:16:08 | INFO     | volunteer_location_stream      | Listening for location updates from volunteer 1...
2026-01-14 15:16:08 | INFO     | volunteer_location_stream      | Volunteer 1 WebSocket DISCONNECTED
2026-01-14 15:16:08 | INFO     | volunteer_location_stream      | Volunteer 1 WebSocket DISCONNECTED
2026-01-14 15:16:08 | INFO     | volunteer_location_stream      | CLEANUP for volunteer 1
2026-01-14 15:16:08 | INFO     | volunteer_location_stream      | CLEANUP for volunteer 1
2026-01-14 15:16:08 | INFO     | disconnect_volunteer           | 🔌 LocationManager: Volunteer 1 disconnected
2026-01-14 15:16:08 | INFO     | disconnect_volunteer           | 📊 Remaining volunteer connections: 0
2026-01-14 15:16:08 | INFO     | disconnect_volunteer           |    ┗━ Still connected: []
2026-01-14 15:16:08 | INFO     | volunteer_location_stream      | BROADCASTING OFFLINE to Politician 1
2026-01-14 15:16:08 | INFO     | volunteer_location_stream      | BROADCASTING OFFLINE to Politician 1
2026-01-14 15:16:08 | INFO     | broadcast_location_to_politician | 
2026-01-14 15:16:08 | INFO     | broadcast_location_to_politician | 
2026-01-14 15:16:08 | INFO     | broadcast_location_to_politician | ================================================================================
2026-01-14 15:16:08 | INFO     | broadcast_location_to_politician | ================================================================================
2026-01-14 15:16:08 | INFO     | broadcast_location_to_politician | 📡 BROADCAST REQUEST RECEIVED BY LOCATIONMANAGER
2026-01-14 15:16:08 | INFO     | broadcast_location_to_politician | ================================================================================
2026-01-14 15:16:08 | INFO     | broadcast_location_to_politician | ================================================================================
2026-01-14 15:16:08 | INFO     | broadcast_location_to_politician |    ┣━ Target Politician ID: 1
2026-01-14 15:16:08 | INFO     | broadcast_location_to_politician |    ┣━ Volunteer ID: 1
2026-01-14 15:16:08 | INFO     | broadcast_location_to_politician |    ┣━ Volunteer Name: imran
2026-01-14 15:16:08 | INFO     | broadcast_location_to_politician |    ┣━ Status: offline
2026-01-14 15:16:08 | INFO     | broadcast_location_to_politician |    ┗━ Location: (17.4255353, 78.4361566)
2026-01-14 15:16:08 | INFO     | broadcast_location_to_politician | 
2026-01-14 15:16:08 | INFO     | broadcast_location_to_politician | 
2026-01-14 15:16:08 | INFO     | broadcast_location_to_politician | 📊 CURRENT STATE OF ALL CONNECTIONS:
2026-01-14 15:16:08 | INFO     | broadcast_location_to_politician |    ┣━ Total politicians connected: 1
2026-01-14 15:16:08 | INFO     | broadcast_location_to_politician |    ┗━ All connected politician IDs: [2]
2026-01-14 15:16:08 | WARNING  | broadcast_location_to_politician | 
2026-01-14 15:16:08 | WARNING  | broadcast_location_to_politician | 
2026-01-14 15:16:08 | WARNING  | broadcast_location_to_politician | 🚨 SECURITY ALERT:
2026-01-14 15:16:08 | WARNING  | broadcast_location_to_politician |    ┣━ Politician 2 is ALSO connected
2026-01-14 15:16:08 | WARNING  | broadcast_location_to_politician |    ┗━ This broadcast is for Politician 1 ONLY!
2026-01-14 15:16:08 | WARNING  | broadcast_location_to_politician |    ┗━ Politician 2 should NOT receive this update
2026-01-14 15:16:08 | WARNING  | broadcast_location_to_politician | 
2026-01-14 15:16:08 | WARNING  | broadcast_location_to_politician | 
2026-01-14 15:16:08 | WARNING  | broadcast_location_to_politician | ⚠️  TARGET POLITICIAN NOT CONNECTED:
2026-01-14 15:16:08 | WARNING  | broadcast_location_to_politician |    ┣━ Politician 1 has NO active WebSocket connections
2026-01-14 15:16:08 | WARNING  | broadcast_location_to_politician |    ┣━ Currently connected politicians: [2]
2026-01-14 15:16:08 | WARNING  | broadcast_location_to_politician |    ┗━ Broadcast ABORTED (politician offline)
2026-01-14 15:16:08 | INFO     | broadcast_location_to_politician | ================================================================================
2026-01-14 15:16:08 | INFO     | broadcast_location_to_politician | ================================================================================
2026-01-14 15:16:08 | INFO     | broadcast_location_to_politician | 
2026-01-14 15:16:08 | INFO     | broadcast_location_to_politician | 
2026-01-14 15:16:08 | INFO     | volunteer_location_stream      | ====================================================================================================
2026-01-14 15:16:08 | INFO     | volunteer_location_stream      | ====================================================================================================
2026-01-14 15:16:08 | INFO     | volunteer_location_stream      | VOLUNTEER 1 SESSION ENDED
2026-01-14 15:16:08 | INFO     | volunteer_location_stream      | VOLUNTEER 1 SESSION ENDED
2026-01-14 15:16:08 | INFO     | volunteer_location_stream      | ====================================================================================================
2026-01-14 15:16:08 | INFO     | volunteer_location_stream      | ====================================================================================================
2026-01-14 15:16:08 | INFO     | politician_location_dashboard  | Politician 2 disconnected gracefully
2026-01-14 15:16:08 | INFO     | politician_location_dashboard  | Politician 2 disconnected gracefully
2026-01-14 15:16:08 | INFO     | disconnect_politician          | 🔌 LocationManager: Politician 2 fully disconnected
2026-01-14 15:16:08 | INFO     | disconnect_politician          |    ┗━ Remaining politicians: []
2026-01-14 15:16:08 | INFO     | politician_location_dashboard  | Cleanup complete for politician 2
2026-01-14 15:16:08 | INFO     | politician_location_dashboard  | Cleanup complete for politician 2
2026-01-14 15:16:08 | INFO     | politician_location_dashboard  | ====================================================================================================
2026-01-14 15:16:08 | INFO     | politician_location_dashboard  | ====================================================================================================
2026-01-14 15:16:08 | INFO     | politician_location_dashboard  | POLITICIAN 2 SESSION ENDED
2026-01-14 15:16:08 | INFO     | politician_location_dashboard  | POLITICIAN 2 SESSION ENDED
2026-01-14 15:16:08 | INFO     | politician_location_dashboard  | ====================================================================================================
2026-01-14 15:16:08 | INFO     | politician_location_dashboard  | ====================================================================================================
2026-01-14 15:16:10 | INFO     | politician_location_dashboard  | 
2026-01-14 15:16:10 | INFO     | politician_location_dashboard  | ====================================================================================================
2026-01-14 15:16:10 | INFO     | politician_location_dashboard  | POLITICIAN WEBSOCKET CONNECTION ATTEMPT
2026-01-14 15:16:10 | INFO     | politician_location_dashboard  | ====================================================================================================
2026-01-14 15:16:10 | INFO     | politician_location_dashboard  | Timestamp: 2026-01-14T09:46:10.154368+00:00
2026-01-14 15:16:10 | INFO     | politician_location_dashboard  | Politician FOUND:
2026-01-14 15:16:10 | INFO     | politician_location_dashboard  |    - POLITICIAN ID: 2
2026-01-14 15:16:10 | INFO     | politician_location_dashboard  |    - Email: playstore@gmail.com
2026-01-14 15:16:10 | INFO     | politician_location_dashboard  |    - Full Name: Play store
2026-01-14 15:16:10 | INFO     | politician_location_dashboard  | Politician 2 WebSocket ACCEPTED
2026-01-14 15:16:10 | INFO     | connect_politician             | Politician 2 connected (Connections: 1)
2026-01-14 15:16:10 | INFO     | connect_politician             | All connected politicians: [2]
2026-01-14 15:16:10 | INFO     | politician_location_dashboard  | Fetching volunteers FOR POLITICIAN 2 ONLY...
2026-01-14 15:16:10 | INFO     | politician_location_dashboard  | Found 1 volunteer(s) for Politician 2
2026-01-14 15:16:10 | INFO     | politician_location_dashboard  |    [1] Volunteer ID: 2, Name: immu, Belongs to Politician: 2
2026-01-14 15:16:10 | INFO     | politician_location_dashboard  | SECURITY CHECK:
2026-01-14 15:16:10 | INFO     | politician_location_dashboard  |    - These 1 volunteers belong ONLY to Politician 2
2026-01-14 15:16:10 | INFO     | politician_location_dashboard  |    - NO OTHER politician should see these volunteers!
2026-01-14 15:16:10 | INFO     | politician_location_dashboard  | CACHE PREVENTION ACTIVE:
2026-01-14 15:16:10 | INFO     | politician_location_dashboard  |    - Current time: 2026-01-14T09:46:10.181027+00:00
2026-01-14 15:16:10 | INFO     | politician_location_dashboard  |    - Only locations newer than: 2026-01-14T09:41:10.181027+00:00
2026-01-14 15:16:10 | INFO     | politician_location_dashboard  |    - Locations older than 5 minutes will show as 'offline'
2026-01-14 15:16:10 | INFO     | politician_location_dashboard  |    - Volunteer 2: offline (no recent location)
2026-01-14 15:16:10 | INFO     | politician_location_dashboard  | SENDING INITIAL STATE to Politician 2:
2026-01-14 15:16:10 | INFO     | politician_location_dashboard  |    - Total volunteers: 1
2026-01-14 15:16:10 | INFO     | politician_location_dashboard  |    - With recent locations: 0
2026-01-14 15:16:10 | INFO     | politician_location_dashboard  |    - Offline/no recent data: 1
2026-01-14 15:16:10 | INFO     | politician_location_dashboard  | Initial state sent successfully
2026-01-14 15:16:10 | INFO     | politician_location_dashboard  | Listening for messages from Politician 2...
2026-01-14 15:16:10 | INFO     | politician_location_dashboard  | Will receive updates ONLY from their 1 volunteer(s)
2026-01-14 15:16:10 | INFO     | volunteer_location_stream      | ====================================================================================================
2026-01-14 15:16:10 | INFO     | volunteer_location_stream      | VOLUNTEER WEBSOCKET CONNECTION ATTEMPT
2026-01-14 15:16:10 | INFO     | volunteer_location_stream      | ====================================================================================================
2026-01-14 15:16:10 | INFO     | volunteer_location_stream      | Volunteer ID: 1
2026-01-14 15:16:10 | INFO     | volunteer_location_stream      | Timestamp: 2026-01-14T09:46:10.188651+00:00
2026-01-14 15:16:10 | INFO     | volunteer_location_stream      | Volunteer FOUND:
2026-01-14 15:16:10 | INFO     | volunteer_location_stream      |    - Volunteer ID: 1
2026-01-14 15:16:10 | INFO     | volunteer_location_stream      |    - Volunteer Name: imran
2026-01-14 15:16:10 | INFO     | volunteer_location_stream      |    - BELONGS TO POLITICIAN ID: 1
2026-01-14 15:16:10 | INFO     | volunteer_location_stream      | Politician Details:
2026-01-14 15:16:10 | INFO     | volunteer_location_stream      |    - Politician ID: 1
2026-01-14 15:16:10 | INFO     | volunteer_location_stream      |    - Politician Name: imran pasha
2026-01-14 15:16:10 | INFO     | volunteer_location_stream      | Volunteer 1 WebSocket ACCEPTED
2026-01-14 15:16:10 | INFO     | connect_volunteer              | Volunteer 1 connected (Total: 1)
2026-01-14 15:16:10 | INFO     | volunteer_location_stream      | BROADCASTING ONLINE STATUS:
2026-01-14 15:16:10 | INFO     | volunteer_location_stream      |    - FROM: Volunteer 1
2026-01-14 15:16:10 | INFO     | volunteer_location_stream      |    - TO: Politician 1 ONLY
2026-01-14 15:16:10 | INFO     | broadcast_location_to_politician | BROADCAST REQUEST:
2026-01-14 15:16:10 | INFO     | broadcast_location_to_politician |    - Target: Politician 1
2026-01-14 15:16:10 | INFO     | broadcast_location_to_politician |    - Volunteer: 1
2026-01-14 15:16:10 | INFO     | broadcast_location_to_politician |    - Status: online
2026-01-14 15:16:10 | INFO     | broadcast_location_to_politician |    - All connected politicians: [2]
2026-01-14 15:16:10 | WARNING  | broadcast_location_to_politician | SECURITY: Other politicians connected [2] - they will NOT receive this
2026-01-14 15:16:10 | WARNING  | broadcast_location_to_politician | Politician 1 not connected - broadcast skipped
2026-01-14 15:16:10 | INFO     | volunteer_location_stream      | Listening for location updates from volunteer 1...
2026-01-14 15:16:11 | INFO     | volunteer_location_stream      | LOCATION UPDATE RECEIVED:
2026-01-14 15:16:11 | INFO     | volunteer_location_stream      |    - Volunteer ID: 1
2026-01-14 15:16:11 | INFO     | volunteer_location_stream      |    - Lat/Lng: (17.4255351, 78.4361565)
2026-01-14 15:16:11 | INFO     | volunteer_location_stream      | Location saved to database (ID: 27)
2026-01-14 15:16:11 | INFO     | volunteer_location_stream      | BROADCASTING to Politician 1 ONLY
2026-01-14 15:16:11 | INFO     | broadcast_location_to_politician | BROADCAST REQUEST:
2026-01-14 15:16:11 | INFO     | broadcast_location_to_politician |    - Target: Politician 1
2026-01-14 15:16:11 | INFO     | broadcast_location_to_politician |    - Volunteer: 1
2026-01-14 15:16:11 | INFO     | broadcast_location_to_politician |    - Status: online
2026-01-14 15:16:11 | INFO     | broadcast_location_to_politician |    - All connected politicians: [2]
2026-01-14 15:16:11 | WARNING  | broadcast_location_to_politician | SECURITY: Other politicians connected [2] - they will NOT receive this
2026-01-14 15:16:11 | WARNING  | broadcast_location_to_politician | Politician 1 not connected - broadcast skipped
2026-01-14 15:16:18 | INFO     | politician_location_dashboard  | 
2026-01-14 15:16:18 | INFO     | politician_location_dashboard  | ====================================================================================================
2026-01-14 15:16:18 | INFO     | politician_location_dashboard  | POLITICIAN WEBSOCKET CONNECTION ATTEMPT
2026-01-14 15:16:18 | INFO     | politician_location_dashboard  | ====================================================================================================
2026-01-14 15:16:18 | INFO     | politician_location_dashboard  | Timestamp: 2026-01-14T09:46:18.373868+00:00
2026-01-14 15:16:18 | INFO     | politician_location_dashboard  | Politician FOUND:
2026-01-14 15:16:18 | INFO     | politician_location_dashboard  |    - POLITICIAN ID: 2
2026-01-14 15:16:18 | INFO     | politician_location_dashboard  |    - Email: playstore@gmail.com
2026-01-14 15:16:18 | INFO     | politician_location_dashboard  |    - Full Name: Play store
2026-01-14 15:16:18 | INFO     | politician_location_dashboard  | Politician 2 WebSocket ACCEPTED
2026-01-14 15:16:18 | INFO     | connect_politician             | Politician 2 connected (Connections: 2)
2026-01-14 15:16:18 | INFO     | connect_politician             | All connected politicians: [2]
2026-01-14 15:16:18 | INFO     | politician_location_dashboard  | Fetching volunteers FOR POLITICIAN 2 ONLY...
2026-01-14 15:16:18 | INFO     | politician_location_dashboard  | Found 1 volunteer(s) for Politician 2
2026-01-14 15:16:18 | INFO     | politician_location_dashboard  |    [1] Volunteer ID: 2, Name: immu, Belongs to Politician: 2
2026-01-14 15:16:18 | INFO     | politician_location_dashboard  | SECURITY CHECK:
2026-01-14 15:16:18 | INFO     | politician_location_dashboard  |    - These 1 volunteers belong ONLY to Politician 2
2026-01-14 15:16:18 | INFO     | politician_location_dashboard  |    - NO OTHER politician should see these volunteers!
2026-01-14 15:16:18 | INFO     | politician_location_dashboard  | CACHE PREVENTION ACTIVE:
2026-01-14 15:16:18 | INFO     | politician_location_dashboard  |    - Current time: 2026-01-14T09:46:18.400495+00:00
2026-01-14 15:16:18 | INFO     | politician_location_dashboard  |    - Only locations newer than: 2026-01-14T09:41:18.400495+00:00
2026-01-14 15:16:18 | INFO     | politician_location_dashboard  |    - Locations older than 5 minutes will show as 'offline'
2026-01-14 15:16:18 | INFO     | politician_location_dashboard  |    - Volunteer 2: offline (no recent location)
2026-01-14 15:16:18 | INFO     | politician_location_dashboard  | SENDING INITIAL STATE to Politician 2:
2026-01-14 15:16:18 | INFO     | politician_location_dashboard  |    - Total volunteers: 1
2026-01-14 15:16:18 | INFO     | politician_location_dashboard  |    - With recent locations: 0
2026-01-14 15:16:18 | INFO     | politician_location_dashboard  |    - Offline/no recent data: 1
2026-01-14 15:16:18 | INFO     | politician_location_dashboard  | Initial state sent successfully
2026-01-14 15:16:18 | INFO     | politician_location_dashboard  | Listening for messages from Politician 2...
2026-01-14 15:16:18 | INFO     | politician_location_dashboard  | Will receive updates ONLY from their 1 volunteer(s)
2026-01-14 15:16:21 | INFO     | volunteer_location_stream      | Volunteer 1 WebSocket DISCONNECTED
2026-01-14 15:16:21 | INFO     | volunteer_location_stream      | CLEANUP for volunteer 1
2026-01-14 15:16:21 | INFO     | disconnect_volunteer           | Volunteer 1 disconnected (Remaining: 0)
2026-01-14 15:16:21 | INFO     | volunteer_location_stream      | BROADCASTING OFFLINE to Politician 1
2026-01-14 15:16:21 | INFO     | broadcast_location_to_politician | BROADCAST REQUEST:
2026-01-14 15:16:21 | INFO     | broadcast_location_to_politician |    - Target: Politician 1
2026-01-14 15:16:21 | INFO     | broadcast_location_to_politician |    - Volunteer: 1
2026-01-14 15:16:21 | INFO     | broadcast_location_to_politician |    - Status: offline
2026-01-14 15:16:21 | INFO     | broadcast_location_to_politician |    - All connected politicians: [2]
2026-01-14 15:16:21 | WARNING  | broadcast_location_to_politician | SECURITY: Other politicians connected [2] - they will NOT receive this
2026-01-14 15:16:21 | WARNING  | broadcast_location_to_politician | Politician 1 not connected - broadcast skipped
2026-01-14 15:16:21 | INFO     | volunteer_location_stream      | ====================================================================================================
2026-01-14 15:16:21 | INFO     | volunteer_location_stream      | VOLUNTEER 1 SESSION ENDED
2026-01-14 15:16:21 | INFO     | volunteer_location_stream      | ====================================================================================================
2026-01-14 15:16:22 | INFO     | volunteer_location_stream      | ====================================================================================================
2026-01-14 15:16:22 | INFO     | volunteer_location_stream      | VOLUNTEER WEBSOCKET CONNECTION ATTEMPT
2026-01-14 15:16:22 | INFO     | volunteer_location_stream      | ====================================================================================================
2026-01-14 15:16:22 | INFO     | volunteer_location_stream      | Volunteer ID: 1
2026-01-14 15:16:22 | INFO     | volunteer_location_stream      | Timestamp: 2026-01-14T09:46:22.209764+00:00
2026-01-14 15:16:22 | INFO     | volunteer_location_stream      | Volunteer FOUND:
2026-01-14 15:16:22 | INFO     | volunteer_location_stream      |    - Volunteer ID: 1
2026-01-14 15:16:22 | INFO     | volunteer_location_stream      |    - Volunteer Name: imran
2026-01-14 15:16:22 | INFO     | volunteer_location_stream      |    - BELONGS TO POLITICIAN ID: 1
2026-01-14 15:16:22 | INFO     | volunteer_location_stream      | Politician Details:
2026-01-14 15:16:22 | INFO     | volunteer_location_stream      |    - Politician ID: 1
2026-01-14 15:16:22 | INFO     | volunteer_location_stream      |    - Politician Name: imran pasha
2026-01-14 15:16:22 | INFO     | volunteer_location_stream      | Volunteer 1 WebSocket ACCEPTED
2026-01-14 15:16:22 | INFO     | connect_volunteer              | Volunteer 1 connected (Total: 1)
2026-01-14 15:16:22 | INFO     | volunteer_location_stream      | BROADCASTING ONLINE STATUS:
2026-01-14 15:16:22 | INFO     | volunteer_location_stream      |    - FROM: Volunteer 1
2026-01-14 15:16:22 | INFO     | volunteer_location_stream      |    - TO: Politician 1 ONLY
2026-01-14 15:16:22 | INFO     | broadcast_location_to_politician | BROADCAST REQUEST:
2026-01-14 15:16:22 | INFO     | broadcast_location_to_politician |    - Target: Politician 1
2026-01-14 15:16:22 | INFO     | broadcast_location_to_politician |    - Volunteer: 1
2026-01-14 15:16:22 | INFO     | broadcast_location_to_politician |    - Status: online
2026-01-14 15:16:22 | INFO     | broadcast_location_to_politician |    - All connected politicians: [2]
2026-01-14 15:16:22 | WARNING  | broadcast_location_to_politician | SECURITY: Other politicians connected [2] - they will NOT receive this
2026-01-14 15:16:22 | WARNING  | broadcast_location_to_politician | Politician 1 not connected - broadcast skipped
2026-01-14 15:16:22 | INFO     | volunteer_location_stream      | Listening for location updates from volunteer 1...
2026-01-14 15:16:23 | INFO     | volunteer_location_stream      | LOCATION UPDATE RECEIVED:
2026-01-14 15:16:23 | INFO     | volunteer_location_stream      |    - Volunteer ID: 1
2026-01-14 15:16:23 | INFO     | volunteer_location_stream      |    - Lat/Lng: (17.4255412, 78.4361546)
2026-01-14 15:16:23 | INFO     | volunteer_location_stream      | Location saved to database (ID: 28)
2026-01-14 15:16:23 | INFO     | volunteer_location_stream      | BROADCASTING to Politician 1 ONLY
2026-01-14 15:16:23 | INFO     | broadcast_location_to_politician | BROADCAST REQUEST:
2026-01-14 15:16:23 | INFO     | broadcast_location_to_politician |    - Target: Politician 1
2026-01-14 15:16:23 | INFO     | broadcast_location_to_politician |    - Volunteer: 1
2026-01-14 15:16:23 | INFO     | broadcast_location_to_politician |    - Status: online
2026-01-14 15:16:23 | INFO     | broadcast_location_to_politician |    - All connected politicians: [2]
2026-01-14 15:16:23 | WARNING  | broadcast_location_to_politician | SECURITY: Other politicians connected [2] - they will NOT receive this
2026-01-14 15:16:23 | WARNING  | broadcast_location_to_politician | Politician 1 not connected - broadcast skipped
2026-01-14 15:16:23 | INFO     | volunteer_location_stream      | Volunteer 1 WebSocket DISCONNECTED
2026-01-14 15:16:23 | INFO     | volunteer_location_stream      | CLEANUP for volunteer 1
2026-01-14 15:16:23 | INFO     | disconnect_volunteer           | Volunteer 1 disconnected (Remaining: 0)
2026-01-14 15:16:23 | INFO     | volunteer_location_stream      | BROADCASTING OFFLINE to Politician 1
2026-01-14 15:16:23 | INFO     | broadcast_location_to_politician | BROADCAST REQUEST:
2026-01-14 15:16:23 | INFO     | broadcast_location_to_politician |    - Target: Politician 1
2026-01-14 15:16:23 | INFO     | broadcast_location_to_politician |    - Volunteer: 1
2026-01-14 15:16:23 | INFO     | broadcast_location_to_politician |    - Status: offline
2026-01-14 15:16:23 | INFO     | broadcast_location_to_politician |    - All connected politicians: [2]
2026-01-14 15:16:23 | WARNING  | broadcast_location_to_politician | SECURITY: Other politicians connected [2] - they will NOT receive this
2026-01-14 15:16:23 | WARNING  | broadcast_location_to_politician | Politician 1 not connected - broadcast skipped
2026-01-14 15:16:23 | INFO     | volunteer_location_stream      | ====================================================================================================
2026-01-14 15:16:23 | INFO     | volunteer_location_stream      | VOLUNTEER 1 SESSION ENDED
2026-01-14 15:16:23 | INFO     | volunteer_location_stream      | ====================================================================================================
2026-01-14 15:16:23 | INFO     | volunteer_location_stream      | ====================================================================================================
2026-01-14 15:16:23 | INFO     | volunteer_location_stream      | VOLUNTEER WEBSOCKET CONNECTION ATTEMPT
2026-01-14 15:16:23 | INFO     | volunteer_location_stream      | ====================================================================================================
2026-01-14 15:16:23 | INFO     | volunteer_location_stream      | Volunteer ID: 1
2026-01-14 15:16:23 | INFO     | volunteer_location_stream      | Timestamp: 2026-01-14T09:46:23.763301+00:00
2026-01-14 15:16:23 | INFO     | volunteer_location_stream      | Volunteer FOUND:
2026-01-14 15:16:23 | INFO     | volunteer_location_stream      |    - Volunteer ID: 1
2026-01-14 15:16:23 | INFO     | volunteer_location_stream      |    - Volunteer Name: imran
2026-01-14 15:16:23 | INFO     | volunteer_location_stream      |    - BELONGS TO POLITICIAN ID: 1
2026-01-14 15:16:23 | INFO     | volunteer_location_stream      | Politician Details:
2026-01-14 15:16:23 | INFO     | volunteer_location_stream      |    - Politician ID: 1
2026-01-14 15:16:23 | INFO     | volunteer_location_stream      |    - Politician Name: imran pasha
2026-01-14 15:16:23 | INFO     | volunteer_location_stream      | Volunteer 1 WebSocket ACCEPTED
2026-01-14 15:16:23 | INFO     | connect_volunteer              | Volunteer 1 connected (Total: 1)
2026-01-14 15:16:23 | INFO     | volunteer_location_stream      | BROADCASTING ONLINE STATUS:
2026-01-14 15:16:23 | INFO     | volunteer_location_stream      |    - FROM: Volunteer 1
2026-01-14 15:16:23 | INFO     | volunteer_location_stream      |    - TO: Politician 1 ONLY
2026-01-14 15:16:23 | INFO     | broadcast_location_to_politician | BROADCAST REQUEST:
2026-01-14 15:16:23 | INFO     | broadcast_location_to_politician |    - Target: Politician 1
2026-01-14 15:16:23 | INFO     | broadcast_location_to_politician |    - Volunteer: 1
2026-01-14 15:16:23 | INFO     | broadcast_location_to_politician |    - Status: online
2026-01-14 15:16:23 | INFO     | broadcast_location_to_politician |    - All connected politicians: [2]
2026-01-14 15:16:23 | WARNING  | broadcast_location_to_politician | SECURITY: Other politicians connected [2] - they will NOT receive this
2026-01-14 15:16:23 | WARNING  | broadcast_location_to_politician | Politician 1 not connected - broadcast skipped
2026-01-14 15:16:23 | INFO     | volunteer_location_stream      | Listening for location updates from volunteer 1...
2026-01-14 15:16:23 | INFO     | volunteer_location_stream      | LOCATION UPDATE RECEIVED:
2026-01-14 15:16:23 | INFO     | volunteer_location_stream      |    - Volunteer ID: 1
2026-01-14 15:16:23 | INFO     | volunteer_location_stream      |    - Lat/Lng: (17.4255412, 78.4361546)
2026-01-14 15:16:23 | INFO     | volunteer_location_stream      | Location saved to database (ID: 29)
2026-01-14 15:16:23 | INFO     | volunteer_location_stream      | BROADCASTING to Politician 1 ONLY
2026-01-14 15:16:23 | INFO     | broadcast_location_to_politician | BROADCAST REQUEST:
2026-01-14 15:16:23 | INFO     | broadcast_location_to_politician |    - Target: Politician 1
2026-01-14 15:16:23 | INFO     | broadcast_location_to_politician |    - Volunteer: 1
2026-01-14 15:16:23 | INFO     | broadcast_location_to_politician |    - Status: online
2026-01-14 15:16:23 | INFO     | broadcast_location_to_politician |    - All connected politicians: [2]
2026-01-14 15:16:23 | WARNING  | broadcast_location_to_politician | SECURITY: Other politicians connected [2] - they will NOT receive this
2026-01-14 15:16:23 | WARNING  | broadcast_location_to_politician | Politician 1 not connected - broadcast skipped
2026-01-14 15:16:24 | INFO     | volunteer_location_stream      | Volunteer 1 WebSocket DISCONNECTED
2026-01-14 15:16:24 | INFO     | volunteer_location_stream      | CLEANUP for volunteer 1
2026-01-14 15:16:24 | INFO     | disconnect_volunteer           | Volunteer 1 disconnected (Remaining: 0)
2026-01-14 15:16:24 | INFO     | volunteer_location_stream      | BROADCASTING OFFLINE to Politician 1
2026-01-14 15:16:24 | INFO     | broadcast_location_to_politician | BROADCAST REQUEST:
2026-01-14 15:16:24 | INFO     | broadcast_location_to_politician |    - Target: Politician 1
2026-01-14 15:16:24 | INFO     | broadcast_location_to_politician |    - Volunteer: 1
2026-01-14 15:16:24 | INFO     | broadcast_location_to_politician |    - Status: offline
2026-01-14 15:16:24 | INFO     | broadcast_location_to_politician |    - All connected politicians: [2]
2026-01-14 15:16:24 | WARNING  | broadcast_location_to_politician | SECURITY: Other politicians connected [2] - they will NOT receive this
2026-01-14 15:16:24 | WARNING  | broadcast_location_to_politician | Politician 1 not connected - broadcast skipped
2026-01-14 15:16:24 | INFO     | volunteer_location_stream      | ====================================================================================================
2026-01-14 15:16:24 | INFO     | volunteer_location_stream      | VOLUNTEER 1 SESSION ENDED
2026-01-14 15:16:24 | INFO     | volunteer_location_stream      | ====================================================================================================
2026-01-14 15:16:24 | INFO     | volunteer_location_stream      | ====================================================================================================
2026-01-14 15:16:24 | INFO     | volunteer_location_stream      | VOLUNTEER WEBSOCKET CONNECTION ATTEMPT
2026-01-14 15:16:24 | INFO     | volunteer_location_stream      | ====================================================================================================
2026-01-14 15:16:24 | INFO     | volunteer_location_stream      | Volunteer ID: 1
2026-01-14 15:16:24 | INFO     | volunteer_location_stream      | Timestamp: 2026-01-14T09:46:24.867105+00:00
2026-01-14 15:16:24 | INFO     | volunteer_location_stream      | Volunteer FOUND:
2026-01-14 15:16:24 | INFO     | volunteer_location_stream      |    - Volunteer ID: 1
2026-01-14 15:16:24 | INFO     | volunteer_location_stream      |    - Volunteer Name: imran
2026-01-14 15:16:24 | INFO     | volunteer_location_stream      |    - BELONGS TO POLITICIAN ID: 1
2026-01-14 15:16:24 | INFO     | volunteer_location_stream      | Politician Details:
2026-01-14 15:16:24 | INFO     | volunteer_location_stream      |    - Politician ID: 1
2026-01-14 15:16:24 | INFO     | volunteer_location_stream      |    - Politician Name: imran pasha
2026-01-14 15:16:24 | INFO     | volunteer_location_stream      | Volunteer 1 WebSocket ACCEPTED
2026-01-14 15:16:24 | INFO     | connect_volunteer              | Volunteer 1 connected (Total: 1)
2026-01-14 15:16:24 | INFO     | volunteer_location_stream      | BROADCASTING ONLINE STATUS:
2026-01-14 15:16:24 | INFO     | volunteer_location_stream      |    - FROM: Volunteer 1
2026-01-14 15:16:24 | INFO     | volunteer_location_stream      |    - TO: Politician 1 ONLY
2026-01-14 15:16:24 | INFO     | broadcast_location_to_politician | BROADCAST REQUEST:
2026-01-14 15:16:24 | INFO     | broadcast_location_to_politician |    - Target: Politician 1
2026-01-14 15:16:24 | INFO     | broadcast_location_to_politician |    - Volunteer: 1
2026-01-14 15:16:24 | INFO     | broadcast_location_to_politician |    - Status: online
2026-01-14 15:16:24 | INFO     | broadcast_location_to_politician |    - All connected politicians: [2]
2026-01-14 15:16:24 | WARNING  | broadcast_location_to_politician | SECURITY: Other politicians connected [2] - they will NOT receive this
2026-01-14 15:16:24 | WARNING  | broadcast_location_to_politician | Politician 1 not connected - broadcast skipped
2026-01-14 15:16:24 | INFO     | volunteer_location_stream      | Listening for location updates from volunteer 1...
2026-01-14 15:16:25 | INFO     | volunteer_location_stream      | LOCATION UPDATE RECEIVED:
2026-01-14 15:16:25 | INFO     | volunteer_location_stream      |    - Volunteer ID: 1
2026-01-14 15:16:25 | INFO     | volunteer_location_stream      |    - Lat/Lng: (17.4255412, 78.4361546)
2026-01-14 15:16:25 | INFO     | volunteer_location_stream      | Location saved to database (ID: 30)
2026-01-14 15:16:25 | INFO     | volunteer_location_stream      | BROADCASTING to Politician 1 ONLY
2026-01-14 15:16:25 | INFO     | broadcast_location_to_politician | BROADCAST REQUEST:
2026-01-14 15:16:25 | INFO     | broadcast_location_to_politician |    - Target: Politician 1
2026-01-14 15:16:25 | INFO     | broadcast_location_to_politician |    - Volunteer: 1
2026-01-14 15:16:25 | INFO     | broadcast_location_to_politician |    - Status: online
2026-01-14 15:16:25 | INFO     | broadcast_location_to_politician |    - All connected politicians: [2]
2026-01-14 15:16:25 | WARNING  | broadcast_location_to_politician | SECURITY: Other politicians connected [2] - they will NOT receive this
2026-01-14 15:16:25 | WARNING  | broadcast_location_to_politician | Politician 1 not connected - broadcast skipped
2026-01-14 15:16:26 | INFO     | volunteer_location_stream      | Volunteer 1 WebSocket DISCONNECTED
2026-01-14 15:16:26 | INFO     | volunteer_location_stream      | CLEANUP for volunteer 1
2026-01-14 15:16:26 | INFO     | disconnect_volunteer           | Volunteer 1 disconnected (Remaining: 0)
2026-01-14 15:16:26 | INFO     | volunteer_location_stream      | BROADCASTING OFFLINE to Politician 1
2026-01-14 15:16:26 | INFO     | broadcast_location_to_politician | BROADCAST REQUEST:
2026-01-14 15:16:26 | INFO     | broadcast_location_to_politician |    - Target: Politician 1
2026-01-14 15:16:26 | INFO     | broadcast_location_to_politician |    - Volunteer: 1
2026-01-14 15:16:26 | INFO     | broadcast_location_to_politician |    - Status: offline
2026-01-14 15:16:26 | INFO     | broadcast_location_to_politician |    - All connected politicians: [2]
2026-01-14 15:16:26 | WARNING  | broadcast_location_to_politician | SECURITY: Other politicians connected [2] - they will NOT receive this
2026-01-14 15:16:26 | WARNING  | broadcast_location_to_politician | Politician 1 not connected - broadcast skipped
2026-01-14 15:16:26 | INFO     | volunteer_location_stream      | ====================================================================================================
2026-01-14 15:16:26 | INFO     | volunteer_location_stream      | VOLUNTEER 1 SESSION ENDED
2026-01-14 15:16:26 | INFO     | volunteer_location_stream      | ====================================================================================================
2026-01-14 15:16:27 | INFO     | volunteer_location_stream      | ====================================================================================================
2026-01-14 15:16:27 | INFO     | volunteer_location_stream      | VOLUNTEER WEBSOCKET CONNECTION ATTEMPT
2026-01-14 15:16:27 | INFO     | volunteer_location_stream      | ====================================================================================================
2026-01-14 15:16:27 | INFO     | volunteer_location_stream      | Volunteer ID: 1
2026-01-14 15:16:27 | INFO     | volunteer_location_stream      | Timestamp: 2026-01-14T09:46:27.332805+00:00
2026-01-14 15:16:27 | INFO     | volunteer_location_stream      | Volunteer FOUND:
2026-01-14 15:16:27 | INFO     | volunteer_location_stream      |    - Volunteer ID: 1
2026-01-14 15:16:27 | INFO     | volunteer_location_stream      |    - Volunteer Name: imran
2026-01-14 15:16:27 | INFO     | volunteer_location_stream      |    - BELONGS TO POLITICIAN ID: 1
2026-01-14 15:16:27 | INFO     | volunteer_location_stream      | Politician Details:
2026-01-14 15:16:27 | INFO     | volunteer_location_stream      |    - Politician ID: 1
2026-01-14 15:16:27 | INFO     | volunteer_location_stream      |    - Politician Name: imran pasha
2026-01-14 15:16:27 | INFO     | volunteer_location_stream      | Volunteer 1 WebSocket ACCEPTED
2026-01-14 15:16:27 | INFO     | connect_volunteer              | Volunteer 1 connected (Total: 1)
2026-01-14 15:16:27 | INFO     | volunteer_location_stream      | BROADCASTING ONLINE STATUS:
2026-01-14 15:16:27 | INFO     | volunteer_location_stream      |    - FROM: Volunteer 1
2026-01-14 15:16:27 | INFO     | volunteer_location_stream      |    - TO: Politician 1 ONLY
2026-01-14 15:16:27 | INFO     | broadcast_location_to_politician | BROADCAST REQUEST:
2026-01-14 15:16:27 | INFO     | broadcast_location_to_politician |    - Target: Politician 1
2026-01-14 15:16:27 | INFO     | broadcast_location_to_politician |    - Volunteer: 1
2026-01-14 15:16:27 | INFO     | broadcast_location_to_politician |    - Status: online
2026-01-14 15:16:27 | INFO     | broadcast_location_to_politician |    - All connected politicians: [2]
2026-01-14 15:16:27 | WARNING  | broadcast_location_to_politician | SECURITY: Other politicians connected [2] - they will NOT receive this
2026-01-14 15:16:27 | WARNING  | broadcast_location_to_politician | Politician 1 not connected - broadcast skipped
2026-01-14 15:16:27 | INFO     | volunteer_location_stream      | Listening for location updates from volunteer 1...
2026-01-14 15:16:27 | INFO     | volunteer_location_stream      | LOCATION UPDATE RECEIVED:
2026-01-14 15:16:27 | INFO     | volunteer_location_stream      |    - Volunteer ID: 1
2026-01-14 15:16:27 | INFO     | volunteer_location_stream      |    - Lat/Lng: (17.4255412, 78.4361546)
2026-01-14 15:16:27 | INFO     | volunteer_location_stream      | Location saved to database (ID: 31)
2026-01-14 15:16:27 | INFO     | volunteer_location_stream      | BROADCASTING to Politician 1 ONLY
2026-01-14 15:16:27 | INFO     | broadcast_location_to_politician | BROADCAST REQUEST:
2026-01-14 15:16:27 | INFO     | broadcast_location_to_politician |    - Target: Politician 1
2026-01-14 15:16:27 | INFO     | broadcast_location_to_politician |    - Volunteer: 1
2026-01-14 15:16:27 | INFO     | broadcast_location_to_politician |    - Status: online
2026-01-14 15:16:27 | INFO     | broadcast_location_to_politician |    - All connected politicians: [2]
2026-01-14 15:16:27 | WARNING  | broadcast_location_to_politician | SECURITY: Other politicians connected [2] - they will NOT receive this
2026-01-14 15:16:27 | WARNING  | broadcast_location_to_politician | Politician 1 not connected - broadcast skipped
2026-01-14 15:16:28 | INFO     | volunteer_location_stream      | Volunteer 1 WebSocket DISCONNECTED
2026-01-14 15:16:28 | INFO     | volunteer_location_stream      | CLEANUP for volunteer 1
2026-01-14 15:16:28 | INFO     | disconnect_volunteer           | Volunteer 1 disconnected (Remaining: 0)
2026-01-14 15:16:28 | INFO     | volunteer_location_stream      | BROADCASTING OFFLINE to Politician 1
2026-01-14 15:16:28 | INFO     | broadcast_location_to_politician | BROADCAST REQUEST:
2026-01-14 15:16:28 | INFO     | broadcast_location_to_politician |    - Target: Politician 1
2026-01-14 15:16:28 | INFO     | broadcast_location_to_politician |    - Volunteer: 1
2026-01-14 15:16:28 | INFO     | broadcast_location_to_politician |    - Status: offline
2026-01-14 15:16:28 | INFO     | broadcast_location_to_politician |    - All connected politicians: [2]
2026-01-14 15:16:28 | WARNING  | broadcast_location_to_politician | SECURITY: Other politicians connected [2] - they will NOT receive this
2026-01-14 15:16:28 | WARNING  | broadcast_location_to_politician | Politician 1 not connected - broadcast skipped
2026-01-14 15:16:28 | INFO     | volunteer_location_stream      | ====================================================================================================
2026-01-14 15:16:28 | INFO     | volunteer_location_stream      | VOLUNTEER 1 SESSION ENDED
2026-01-14 15:16:28 | INFO     | volunteer_location_stream      | ====================================================================================================
2026-01-14 15:16:28 | INFO     | volunteer_location_stream      | ====================================================================================================
2026-01-14 15:16:28 | INFO     | volunteer_location_stream      | VOLUNTEER WEBSOCKET CONNECTION ATTEMPT
2026-01-14 15:16:28 | INFO     | volunteer_location_stream      | ====================================================================================================
2026-01-14 15:16:28 | INFO     | volunteer_location_stream      | Volunteer ID: 1
2026-01-14 15:16:28 | INFO     | volunteer_location_stream      | Timestamp: 2026-01-14T09:46:28.905585+00:00
2026-01-14 15:16:28 | INFO     | volunteer_location_stream      | Volunteer FOUND:
2026-01-14 15:16:28 | INFO     | volunteer_location_stream      |    - Volunteer ID: 1
2026-01-14 15:16:28 | INFO     | volunteer_location_stream      |    - Volunteer Name: imran
2026-01-14 15:16:28 | INFO     | volunteer_location_stream      |    - BELONGS TO POLITICIAN ID: 1
2026-01-14 15:16:28 | INFO     | volunteer_location_stream      | Politician Details:
2026-01-14 15:16:28 | INFO     | volunteer_location_stream      |    - Politician ID: 1
2026-01-14 15:16:28 | INFO     | volunteer_location_stream      |    - Politician Name: imran pasha
2026-01-14 15:16:28 | INFO     | volunteer_location_stream      | Volunteer 1 WebSocket ACCEPTED
2026-01-14 15:16:28 | INFO     | connect_volunteer              | Volunteer 1 connected (Total: 1)
2026-01-14 15:16:28 | INFO     | volunteer_location_stream      | BROADCASTING ONLINE STATUS:
2026-01-14 15:16:28 | INFO     | volunteer_location_stream      |    - FROM: Volunteer 1
2026-01-14 15:16:28 | INFO     | volunteer_location_stream      |    - TO: Politician 1 ONLY
2026-01-14 15:16:28 | INFO     | broadcast_location_to_politician | BROADCAST REQUEST:
2026-01-14 15:16:28 | INFO     | broadcast_location_to_politician |    - Target: Politician 1
2026-01-14 15:16:28 | INFO     | broadcast_location_to_politician |    - Volunteer: 1
2026-01-14 15:16:28 | INFO     | broadcast_location_to_politician |    - Status: online
2026-01-14 15:16:28 | INFO     | broadcast_location_to_politician |    - All connected politicians: [2]
2026-01-14 15:16:28 | WARNING  | broadcast_location_to_politician | SECURITY: Other politicians connected [2] - they will NOT receive this
2026-01-14 15:16:28 | WARNING  | broadcast_location_to_politician | Politician 1 not connected - broadcast skipped
2026-01-14 15:16:28 | INFO     | volunteer_location_stream      | Listening for location updates from volunteer 1...
2026-01-14 15:16:29 | INFO     | volunteer_location_stream      | LOCATION UPDATE RECEIVED:
2026-01-14 15:16:29 | INFO     | volunteer_location_stream      |    - Volunteer ID: 1
2026-01-14 15:16:29 | INFO     | volunteer_location_stream      |    - Lat/Lng: (17.4255422, 78.4361542)
2026-01-14 15:16:29 | INFO     | volunteer_location_stream      | Location saved to database (ID: 32)
2026-01-14 15:16:29 | INFO     | volunteer_location_stream      | BROADCASTING to Politician 1 ONLY
2026-01-14 15:16:29 | INFO     | broadcast_location_to_politician | BROADCAST REQUEST:
2026-01-14 15:16:29 | INFO     | broadcast_location_to_politician |    - Target: Politician 1
2026-01-14 15:16:29 | INFO     | broadcast_location_to_politician |    - Volunteer: 1
2026-01-14 15:16:29 | INFO     | broadcast_location_to_politician |    - Status: online
2026-01-14 15:16:29 | INFO     | broadcast_location_to_politician |    - All connected politicians: [2]
2026-01-14 15:16:29 | WARNING  | broadcast_location_to_politician | SECURITY: Other politicians connected [2] - they will NOT receive this
2026-01-14 15:16:29 | WARNING  | broadcast_location_to_politician | Politician 1 not connected - broadcast skipped
2026-01-14 15:16:29 | INFO     | volunteer_location_stream      | Volunteer 1 WebSocket DISCONNECTED
2026-01-14 15:16:29 | INFO     | volunteer_location_stream      | CLEANUP for volunteer 1
2026-01-14 15:16:29 | INFO     | disconnect_volunteer           | Volunteer 1 disconnected (Remaining: 0)
2026-01-14 15:16:29 | INFO     | volunteer_location_stream      | BROADCASTING OFFLINE to Politician 1
2026-01-14 15:16:29 | INFO     | broadcast_location_to_politician | BROADCAST REQUEST:
2026-01-14 15:16:29 | INFO     | broadcast_location_to_politician |    - Target: Politician 1
2026-01-14 15:16:29 | INFO     | broadcast_location_to_politician |    - Volunteer: 1
2026-01-14 15:16:29 | INFO     | broadcast_location_to_politician |    - Status: offline
2026-01-14 15:16:29 | INFO     | broadcast_location_to_politician |    - All connected politicians: [2]
2026-01-14 15:16:29 | WARNING  | broadcast_location_to_politician | SECURITY: Other politicians connected [2] - they will NOT receive this
2026-01-14 15:16:29 | WARNING  | broadcast_location_to_politician | Politician 1 not connected - broadcast skipped
2026-01-14 15:16:29 | INFO     | volunteer_location_stream      | ====================================================================================================
2026-01-14 15:16:29 | INFO     | volunteer_location_stream      | VOLUNTEER 1 SESSION ENDED
2026-01-14 15:16:29 | INFO     | volunteer_location_stream      | ====================================================================================================
2026-01-14 15:16:30 | INFO     | volunteer_location_stream      | ====================================================================================================
2026-01-14 15:16:30 | INFO     | volunteer_location_stream      | VOLUNTEER WEBSOCKET CONNECTION ATTEMPT
2026-01-14 15:16:30 | INFO     | volunteer_location_stream      | ====================================================================================================
2026-01-14 15:16:30 | INFO     | volunteer_location_stream      | Volunteer ID: 1
2026-01-14 15:16:30 | INFO     | volunteer_location_stream      | Timestamp: 2026-01-14T09:46:30.573829+00:00
2026-01-14 15:16:30 | INFO     | volunteer_location_stream      | Volunteer FOUND:
2026-01-14 15:16:30 | INFO     | volunteer_location_stream      |    - Volunteer ID: 1
2026-01-14 15:16:30 | INFO     | volunteer_location_stream      |    - Volunteer Name: imran
2026-01-14 15:16:30 | INFO     | volunteer_location_stream      |    - BELONGS TO POLITICIAN ID: 1
2026-01-14 15:16:30 | INFO     | volunteer_location_stream      | Politician Details:
2026-01-14 15:16:30 | INFO     | volunteer_location_stream      |    - Politician ID: 1
2026-01-14 15:16:30 | INFO     | volunteer_location_stream      |    - Politician Name: imran pasha
2026-01-14 15:16:30 | INFO     | volunteer_location_stream      | Volunteer 1 WebSocket ACCEPTED
2026-01-14 15:16:30 | INFO     | connect_volunteer              | Volunteer 1 connected (Total: 1)
2026-01-14 15:16:30 | INFO     | volunteer_location_stream      | BROADCASTING ONLINE STATUS:
2026-01-14 15:16:30 | INFO     | volunteer_location_stream      |    - FROM: Volunteer 1
2026-01-14 15:16:30 | INFO     | volunteer_location_stream      |    - TO: Politician 1 ONLY
2026-01-14 15:16:30 | INFO     | broadcast_location_to_politician | BROADCAST REQUEST:
2026-01-14 15:16:30 | INFO     | broadcast_location_to_politician |    - Target: Politician 1
2026-01-14 15:16:30 | INFO     | broadcast_location_to_politician |    - Volunteer: 1
2026-01-14 15:16:30 | INFO     | broadcast_location_to_politician |    - Status: online
2026-01-14 15:16:30 | INFO     | broadcast_location_to_politician |    - All connected politicians: [2]
2026-01-14 15:16:30 | WARNING  | broadcast_location_to_politician | SECURITY: Other politicians connected [2] - they will NOT receive this
2026-01-14 15:16:30 | WARNING  | broadcast_location_to_politician | Politician 1 not connected - broadcast skipped
2026-01-14 15:16:30 | INFO     | volunteer_location_stream      | Listening for location updates from volunteer 1...
2026-01-14 15:16:30 | INFO     | volunteer_location_stream      | LOCATION UPDATE RECEIVED:
2026-01-14 15:16:30 | INFO     | volunteer_location_stream      |    - Volunteer ID: 1
2026-01-14 15:16:30 | INFO     | volunteer_location_stream      |    - Lat/Lng: (17.4255422, 78.4361542)
2026-01-14 15:16:30 | INFO     | volunteer_location_stream      | Location saved to database (ID: 33)
2026-01-14 15:16:30 | INFO     | volunteer_location_stream      | BROADCASTING to Politician 1 ONLY
2026-01-14 15:16:30 | INFO     | broadcast_location_to_politician | BROADCAST REQUEST:
2026-01-14 15:16:30 | INFO     | broadcast_location_to_politician |    - Target: Politician 1
2026-01-14 15:16:30 | INFO     | broadcast_location_to_politician |    - Volunteer: 1
2026-01-14 15:16:30 | INFO     | broadcast_location_to_politician |    - Status: online
2026-01-14 15:16:30 | INFO     | broadcast_location_to_politician |    - All connected politicians: [2]
2026-01-14 15:16:30 | WARNING  | broadcast_location_to_politician | SECURITY: Other politicians connected [2] - they will NOT receive this
2026-01-14 15:16:30 | WARNING  | broadcast_location_to_politician | Politician 1 not connected - broadcast skipped
2026-01-14 15:16:32 | INFO     | volunteer_location_stream      | Volunteer 1 WebSocket DISCONNECTED
2026-01-14 15:16:32 | INFO     | volunteer_location_stream      | CLEANUP for volunteer 1
2026-01-14 15:16:32 | INFO     | disconnect_volunteer           | Volunteer 1 disconnected (Remaining: 0)
2026-01-14 15:16:32 | INFO     | volunteer_location_stream      | BROADCASTING OFFLINE to Politician 1
2026-01-14 15:16:32 | INFO     | broadcast_location_to_politician | BROADCAST REQUEST:
2026-01-14 15:16:32 | INFO     | broadcast_location_to_politician |    - Target: Politician 1
2026-01-14 15:16:32 | INFO     | broadcast_location_to_politician |    - Volunteer: 1
2026-01-14 15:16:32 | INFO     | broadcast_location_to_politician |    - Status: offline
2026-01-14 15:16:32 | INFO     | broadcast_location_to_politician |    - All connected politicians: [2]
2026-01-14 15:16:32 | WARNING  | broadcast_location_to_politician | SECURITY: Other politicians connected [2] - they will NOT receive this
2026-01-14 15:16:32 | WARNING  | broadcast_location_to_politician | Politician 1 not connected - broadcast skipped
2026-01-14 15:16:32 | INFO     | volunteer_location_stream      | ====================================================================================================
2026-01-14 15:16:32 | INFO     | volunteer_location_stream      | VOLUNTEER 1 SESSION ENDED
2026-01-14 15:16:32 | INFO     | volunteer_location_stream      | ====================================================================================================
2026-01-14 15:16:41 | INFO     | politician_location_dashboard  | 
2026-01-14 15:16:41 | INFO     | politician_location_dashboard  | ====================================================================================================
2026-01-14 15:16:41 | INFO     | politician_location_dashboard  | POLITICIAN WEBSOCKET CONNECTION ATTEMPT
2026-01-14 15:16:41 | INFO     | politician_location_dashboard  | ====================================================================================================
2026-01-14 15:16:41 | INFO     | politician_location_dashboard  | Timestamp: 2026-01-14T09:46:41.666683+00:00
2026-01-14 15:16:41 | INFO     | politician_location_dashboard  | Politician FOUND:
2026-01-14 15:16:41 | INFO     | politician_location_dashboard  |    - POLITICIAN ID: 2
2026-01-14 15:16:41 | INFO     | politician_location_dashboard  |    - Email: playstore@gmail.com
2026-01-14 15:16:41 | INFO     | politician_location_dashboard  |    - Full Name: Play store
2026-01-14 15:16:41 | INFO     | politician_location_dashboard  | Politician 2 WebSocket ACCEPTED
2026-01-14 15:16:41 | INFO     | connect_politician             | Politician 2 connected (Connections: 3)
2026-01-14 15:16:41 | INFO     | connect_politician             | All connected politicians: [2]
2026-01-14 15:16:41 | INFO     | politician_location_dashboard  | Fetching volunteers FOR POLITICIAN 2 ONLY...
2026-01-14 15:16:41 | INFO     | politician_location_dashboard  | Found 1 volunteer(s) for Politician 2
2026-01-14 15:16:41 | INFO     | politician_location_dashboard  |    [1] Volunteer ID: 2, Name: immu, Belongs to Politician: 2
2026-01-14 15:16:41 | INFO     | politician_location_dashboard  | SECURITY CHECK:
2026-01-14 15:16:41 | INFO     | politician_location_dashboard  |    - These 1 volunteers belong ONLY to Politician 2
2026-01-14 15:16:41 | INFO     | politician_location_dashboard  |    - NO OTHER politician should see these volunteers!
2026-01-14 15:16:41 | INFO     | politician_location_dashboard  | CACHE PREVENTION ACTIVE:
2026-01-14 15:16:41 | INFO     | politician_location_dashboard  |    - Current time: 2026-01-14T09:46:41.671081+00:00
2026-01-14 15:16:41 | INFO     | politician_location_dashboard  |    - Only locations newer than: 2026-01-14T09:41:41.671081+00:00
2026-01-14 15:16:41 | INFO     | politician_location_dashboard  |    - Locations older than 5 minutes will show as 'offline'
2026-01-14 15:16:41 | INFO     | politician_location_dashboard  |    - Volunteer 2: offline (no recent location)
2026-01-14 15:16:41 | INFO     | politician_location_dashboard  | SENDING INITIAL STATE to Politician 2:
2026-01-14 15:16:41 | INFO     | politician_location_dashboard  |    - Total volunteers: 1
2026-01-14 15:16:41 | INFO     | politician_location_dashboard  |    - With recent locations: 0
2026-01-14 15:16:41 | INFO     | politician_location_dashboard  |    - Offline/no recent data: 1
2026-01-14 15:16:41 | INFO     | politician_location_dashboard  | Initial state sent successfully
2026-01-14 15:16:41 | INFO     | politician_location_dashboard  | Listening for messages from Politician 2...
2026-01-14 15:16:41 | INFO     | politician_location_dashboard  | Will receive updates ONLY from their 1 volunteer(s)
2026-01-14 15:16:59 | INFO     | politician_location_dashboard  | 
2026-01-14 15:16:59 | INFO     | politician_location_dashboard  | ====================================================================================================
2026-01-14 15:16:59 | INFO     | politician_location_dashboard  | POLITICIAN WEBSOCKET CONNECTION ATTEMPT
2026-01-14 15:16:59 | INFO     | politician_location_dashboard  | ====================================================================================================
2026-01-14 15:16:59 | INFO     | politician_location_dashboard  | Timestamp: 2026-01-14T09:46:59.949940+00:00
2026-01-14 15:16:59 | INFO     | politician_location_dashboard  | Politician FOUND:
2026-01-14 15:16:59 | INFO     | politician_location_dashboard  |    - POLITICIAN ID: 2
2026-01-14 15:16:59 | INFO     | politician_location_dashboard  |    - Email: playstore@gmail.com
2026-01-14 15:16:59 | INFO     | politician_location_dashboard  |    - Full Name: Play store
2026-01-14 15:16:59 | INFO     | politician_location_dashboard  | Politician 2 WebSocket ACCEPTED
2026-01-14 15:16:59 | INFO     | connect_politician             | Politician 2 connected (Connections: 4)
2026-01-14 15:16:59 | INFO     | connect_politician             | All connected politicians: [2]
2026-01-14 15:16:59 | INFO     | politician_location_dashboard  | Fetching volunteers FOR POLITICIAN 2 ONLY...
2026-01-14 15:16:59 | INFO     | politician_location_dashboard  | Found 1 volunteer(s) for Politician 2
2026-01-14 15:16:59 | INFO     | politician_location_dashboard  |    [1] Volunteer ID: 2, Name: immu, Belongs to Politician: 2
2026-01-14 15:16:59 | INFO     | politician_location_dashboard  | SECURITY CHECK:
2026-01-14 15:16:59 | INFO     | politician_location_dashboard  |    - These 1 volunteers belong ONLY to Politician 2
2026-01-14 15:16:59 | INFO     | politician_location_dashboard  |    - NO OTHER politician should see these volunteers!
2026-01-14 15:16:59 | INFO     | politician_location_dashboard  | CACHE PREVENTION ACTIVE:
2026-01-14 15:16:59 | INFO     | politician_location_dashboard  |    - Current time: 2026-01-14T09:46:59.983697+00:00
2026-01-14 15:16:59 | INFO     | politician_location_dashboard  |    - Only locations newer than: 2026-01-14T09:41:59.983697+00:00
2026-01-14 15:16:59 | INFO     | politician_location_dashboard  |    - Locations older than 5 minutes will show as 'offline'
2026-01-14 15:16:59 | INFO     | politician_location_dashboard  |    - Volunteer 2: offline (no recent location)
2026-01-14 15:16:59 | INFO     | politician_location_dashboard  | SENDING INITIAL STATE to Politician 2:
2026-01-14 15:16:59 | INFO     | politician_location_dashboard  |    - Total volunteers: 1
2026-01-14 15:16:59 | INFO     | politician_location_dashboard  |    - With recent locations: 0
2026-01-14 15:16:59 | INFO     | politician_location_dashboard  |    - Offline/no recent data: 1
2026-01-14 15:16:59 | INFO     | politician_location_dashboard  | Initial state sent successfully
2026-01-14 15:16:59 | INFO     | politician_location_dashboard  | Listening for messages from Politician 2...
2026-01-14 15:16:59 | INFO     | politician_location_dashboard  | Will receive updates ONLY from their 1 volunteer(s)
2026-01-14 15:17:45 | INFO     | politician_location_dashboard  | 
2026-01-14 15:17:45 | INFO     | politician_location_dashboard  | ====================================================================================================
2026-01-14 15:17:45 | INFO     | politician_location_dashboard  | POLITICIAN WEBSOCKET CONNECTION ATTEMPT
2026-01-14 15:17:45 | INFO     | politician_location_dashboard  | ====================================================================================================
2026-01-14 15:17:45 | INFO     | politician_location_dashboard  | Timestamp: 2026-01-14T09:47:45.809606+00:00
2026-01-14 15:17:45 | INFO     | politician_location_dashboard  | Politician FOUND:
2026-01-14 15:17:45 | INFO     | politician_location_dashboard  |    - POLITICIAN ID: 1
2026-01-14 15:17:45 | INFO     | politician_location_dashboard  |    - Email: imranpasha@gmil.com
2026-01-14 15:17:45 | INFO     | politician_location_dashboard  |    - Full Name: imran pasha
2026-01-14 15:17:45 | INFO     | politician_location_dashboard  | Politician 1 WebSocket ACCEPTED
2026-01-14 15:17:45 | INFO     | connect_politician             | Politician 1 connected (Connections: 1)
2026-01-14 15:17:45 | INFO     | connect_politician             | All connected politicians: [2, 1]
2026-01-14 15:17:45 | INFO     | politician_location_dashboard  | Fetching volunteers FOR POLITICIAN 1 ONLY...
2026-01-14 15:17:45 | INFO     | politician_location_dashboard  | Found 1 volunteer(s) for Politician 1
2026-01-14 15:17:45 | INFO     | politician_location_dashboard  |    [1] Volunteer ID: 1, Name: imran, Belongs to Politician: 1
2026-01-14 15:17:45 | INFO     | politician_location_dashboard  | SECURITY CHECK:
2026-01-14 15:17:45 | INFO     | politician_location_dashboard  |    - These 1 volunteers belong ONLY to Politician 1
2026-01-14 15:17:45 | INFO     | politician_location_dashboard  |    - NO OTHER politician should see these volunteers!
2026-01-14 15:17:45 | INFO     | politician_location_dashboard  | CACHE PREVENTION ACTIVE:
2026-01-14 15:17:45 | INFO     | politician_location_dashboard  |    - Current time: 2026-01-14T09:47:45.813865+00:00
2026-01-14 15:17:45 | INFO     | politician_location_dashboard  |    - Only locations newer than: 2026-01-14T09:42:45.813865+00:00
2026-01-14 15:17:45 | INFO     | politician_location_dashboard  |    - Locations older than 5 minutes will show as 'offline'
2026-01-14 15:17:45 | INFO     | politician_location_dashboard  |    - Volunteer 1: online (recent location found)
2026-01-14 15:17:45 | INFO     | politician_location_dashboard  | SENDING INITIAL STATE to Politician 1:
2026-01-14 15:17:45 | INFO     | politician_location_dashboard  |    - Total volunteers: 1
2026-01-14 15:17:45 | INFO     | politician_location_dashboard  |    - With recent locations: 1
2026-01-14 15:17:45 | INFO     | politician_location_dashboard  |    - Offline/no recent data: 0
2026-01-14 15:17:45 | INFO     | politician_location_dashboard  | Initial state sent successfully
2026-01-14 15:17:45 | INFO     | politician_location_dashboard  | Listening for messages from Politician 1...
2026-01-14 15:17:45 | INFO     | politician_location_dashboard  | Will receive updates ONLY from their 1 volunteer(s)
2026-01-14 15:17:52 | INFO     | volunteer_location_stream      | ====================================================================================================
2026-01-14 15:17:52 | INFO     | volunteer_location_stream      | VOLUNTEER WEBSOCKET CONNECTION ATTEMPT
2026-01-14 15:17:52 | INFO     | volunteer_location_stream      | ====================================================================================================
2026-01-14 15:17:52 | INFO     | volunteer_location_stream      | Volunteer ID: 1
2026-01-14 15:17:52 | INFO     | volunteer_location_stream      | Timestamp: 2026-01-14T09:47:52.090953+00:00
2026-01-14 15:17:52 | INFO     | volunteer_location_stream      | Volunteer FOUND:
2026-01-14 15:17:52 | INFO     | volunteer_location_stream      |    - Volunteer ID: 1
2026-01-14 15:17:52 | INFO     | volunteer_location_stream      |    - Volunteer Name: imran
2026-01-14 15:17:52 | INFO     | volunteer_location_stream      |    - BELONGS TO POLITICIAN ID: 1
2026-01-14 15:17:52 | INFO     | volunteer_location_stream      | Politician Details:
2026-01-14 15:17:52 | INFO     | volunteer_location_stream      |    - Politician ID: 1
2026-01-14 15:17:52 | INFO     | volunteer_location_stream      |    - Politician Name: imran pasha
2026-01-14 15:17:52 | INFO     | volunteer_location_stream      | Volunteer 1 WebSocket ACCEPTED
2026-01-14 15:17:52 | INFO     | connect_volunteer              | Volunteer 1 connected (Total: 1)
2026-01-14 15:17:52 | INFO     | volunteer_location_stream      | BROADCASTING ONLINE STATUS:
2026-01-14 15:17:52 | INFO     | volunteer_location_stream      |    - FROM: Volunteer 1
2026-01-14 15:17:52 | INFO     | volunteer_location_stream      |    - TO: Politician 1 ONLY
2026-01-14 15:17:52 | INFO     | broadcast_location_to_politician | BROADCAST REQUEST:
2026-01-14 15:17:52 | INFO     | broadcast_location_to_politician |    - Target: Politician 1
2026-01-14 15:17:52 | INFO     | broadcast_location_to_politician |    - Volunteer: 1
2026-01-14 15:17:52 | INFO     | broadcast_location_to_politician |    - Status: online
2026-01-14 15:17:52 | INFO     | broadcast_location_to_politician |    - All connected politicians: [2, 1]
2026-01-14 15:17:52 | WARNING  | broadcast_location_to_politician | SECURITY: Other politicians connected [2] - they will NOT receive this
2026-01-14 15:17:52 | INFO     | broadcast_location_to_politician | Broadcast complete: 1 sent to Politician 1
2026-01-14 15:17:52 | INFO     | volunteer_location_stream      | Listening for location updates from volunteer 1...
2026-01-14 15:17:53 | INFO     | volunteer_location_stream      | LOCATION UPDATE RECEIVED:
2026-01-14 15:17:53 | INFO     | volunteer_location_stream      |    - Volunteer ID: 1
2026-01-14 15:17:53 | INFO     | volunteer_location_stream      |    - Lat/Lng: (17.4255832, 78.436133)
2026-01-14 15:17:53 | INFO     | volunteer_location_stream      | Location saved to database (ID: 34)
2026-01-14 15:17:53 | INFO     | volunteer_location_stream      | BROADCASTING to Politician 1 ONLY
2026-01-14 15:17:53 | INFO     | broadcast_location_to_politician | BROADCAST REQUEST:
2026-01-14 15:17:53 | INFO     | broadcast_location_to_politician |    - Target: Politician 1
2026-01-14 15:17:53 | INFO     | broadcast_location_to_politician |    - Volunteer: 1
2026-01-14 15:17:53 | INFO     | broadcast_location_to_politician |    - Status: online
2026-01-14 15:17:53 | INFO     | broadcast_location_to_politician |    - All connected politicians: [2, 1]
2026-01-14 15:17:53 | WARNING  | broadcast_location_to_politician | SECURITY: Other politicians connected [2] - they will NOT receive this
2026-01-14 15:17:53 | INFO     | broadcast_location_to_politician | Broadcast complete: 1 sent to Politician 1
2026-01-14 15:18:00 | INFO     | volunteer_location_stream      | Volunteer 1 WebSocket DISCONNECTED
2026-01-14 15:18:00 | INFO     | volunteer_location_stream      | CLEANUP for volunteer 1
2026-01-14 15:18:00 | INFO     | disconnect_volunteer           | Volunteer 1 disconnected (Remaining: 0)
2026-01-14 15:18:00 | INFO     | volunteer_location_stream      | BROADCASTING OFFLINE to Politician 1
2026-01-14 15:18:00 | INFO     | broadcast_location_to_politician | BROADCAST REQUEST:
2026-01-14 15:18:00 | INFO     | broadcast_location_to_politician |    - Target: Politician 1
2026-01-14 15:18:00 | INFO     | broadcast_location_to_politician |    - Volunteer: 1
2026-01-14 15:18:00 | INFO     | broadcast_location_to_politician |    - Status: offline
2026-01-14 15:18:00 | INFO     | broadcast_location_to_politician |    - All connected politicians: [2, 1]
2026-01-14 15:18:00 | WARNING  | broadcast_location_to_politician | SECURITY: Other politicians connected [2] - they will NOT receive this
2026-01-14 15:18:00 | INFO     | broadcast_location_to_politician | Broadcast complete: 1 sent to Politician 1
2026-01-14 15:18:00 | INFO     | volunteer_location_stream      | ====================================================================================================
2026-01-14 15:18:00 | INFO     | volunteer_location_stream      | VOLUNTEER 1 SESSION ENDED
2026-01-14 15:18:00 | INFO     | volunteer_location_stream      | ====================================================================================================
2026-01-14 15:18:02 | INFO     | politician_location_dashboard  | 
2026-01-14 15:18:02 | INFO     | politician_location_dashboard  | ====================================================================================================
2026-01-14 15:18:02 | INFO     | politician_location_dashboard  | POLITICIAN WEBSOCKET CONNECTION ATTEMPT
2026-01-14 15:18:02 | INFO     | politician_location_dashboard  | ====================================================================================================
2026-01-14 15:18:02 | INFO     | politician_location_dashboard  | Timestamp: 2026-01-14T09:48:02.459082+00:00
2026-01-14 15:18:02 | INFO     | politician_location_dashboard  | Politician FOUND:
2026-01-14 15:18:02 | INFO     | politician_location_dashboard  |    - POLITICIAN ID: 1
2026-01-14 15:18:02 | INFO     | politician_location_dashboard  |    - Email: imranpasha@gmil.com
2026-01-14 15:18:02 | INFO     | politician_location_dashboard  |    - Full Name: imran pasha
2026-01-14 15:18:02 | INFO     | politician_location_dashboard  | Politician 1 WebSocket ACCEPTED
2026-01-14 15:18:02 | INFO     | connect_politician             | Politician 1 connected (Connections: 2)
2026-01-14 15:18:02 | INFO     | connect_politician             | All connected politicians: [2, 1]
2026-01-14 15:18:02 | INFO     | politician_location_dashboard  | Fetching volunteers FOR POLITICIAN 1 ONLY...
2026-01-14 15:18:02 | INFO     | politician_location_dashboard  | Found 1 volunteer(s) for Politician 1
2026-01-14 15:18:02 | INFO     | politician_location_dashboard  |    [1] Volunteer ID: 1, Name: imran, Belongs to Politician: 1
2026-01-14 15:18:02 | INFO     | politician_location_dashboard  | SECURITY CHECK:
2026-01-14 15:18:02 | INFO     | politician_location_dashboard  |    - These 1 volunteers belong ONLY to Politician 1
2026-01-14 15:18:02 | INFO     | politician_location_dashboard  |    - NO OTHER politician should see these volunteers!
2026-01-14 15:18:02 | INFO     | politician_location_dashboard  | CACHE PREVENTION ACTIVE:
2026-01-14 15:18:02 | INFO     | politician_location_dashboard  |    - Current time: 2026-01-14T09:48:02.462815+00:00
2026-01-14 15:18:02 | INFO     | politician_location_dashboard  |    - Only locations newer than: 2026-01-14T09:43:02.462815+00:00
2026-01-14 15:18:02 | INFO     | politician_location_dashboard  |    - Locations older than 5 minutes will show as 'offline'
2026-01-14 15:18:02 | INFO     | politician_location_dashboard  |    - Volunteer 1: online (recent location found)
2026-01-14 15:18:02 | INFO     | politician_location_dashboard  | SENDING INITIAL STATE to Politician 1:
2026-01-14 15:18:02 | INFO     | politician_location_dashboard  |    - Total volunteers: 1
2026-01-14 15:18:02 | INFO     | politician_location_dashboard  |    - With recent locations: 1
2026-01-14 15:18:02 | INFO     | politician_location_dashboard  |    - Offline/no recent data: 0
2026-01-14 15:18:02 | INFO     | politician_location_dashboard  | Initial state sent successfully
2026-01-14 15:18:02 | INFO     | politician_location_dashboard  | Listening for messages from Politician 1...
2026-01-14 15:18:02 | INFO     | politician_location_dashboard  | Will receive updates ONLY from their 1 volunteer(s)
2026-01-14 15:18:07 | INFO     | politician_location_dashboard  | 
2026-01-14 15:18:07 | INFO     | politician_location_dashboard  | ====================================================================================================
2026-01-14 15:18:07 | INFO     | politician_location_dashboard  | POLITICIAN WEBSOCKET CONNECTION ATTEMPT
2026-01-14 15:18:07 | INFO     | politician_location_dashboard  | ====================================================================================================
2026-01-14 15:18:07 | INFO     | politician_location_dashboard  | Timestamp: 2026-01-14T09:48:07.682743+00:00
2026-01-14 15:18:07 | INFO     | politician_location_dashboard  | Politician FOUND:
2026-01-14 15:18:07 | INFO     | politician_location_dashboard  |    - POLITICIAN ID: 1
2026-01-14 15:18:07 | INFO     | politician_location_dashboard  |    - Email: imranpasha@gmil.com
2026-01-14 15:18:07 | INFO     | politician_location_dashboard  |    - Full Name: imran pasha
2026-01-14 15:18:07 | INFO     | politician_location_dashboard  | Politician 1 WebSocket ACCEPTED
2026-01-14 15:18:07 | INFO     | connect_politician             | Politician 1 connected (Connections: 3)
2026-01-14 15:18:07 | INFO     | connect_politician             | All connected politicians: [2, 1]
2026-01-14 15:18:07 | INFO     | politician_location_dashboard  | Fetching volunteers FOR POLITICIAN 1 ONLY...
2026-01-14 15:18:07 | INFO     | politician_location_dashboard  | Found 1 volunteer(s) for Politician 1
2026-01-14 15:18:07 | INFO     | politician_location_dashboard  |    [1] Volunteer ID: 1, Name: imran, Belongs to Politician: 1
2026-01-14 15:18:07 | INFO     | politician_location_dashboard  | SECURITY CHECK:
2026-01-14 15:18:07 | INFO     | politician_location_dashboard  |    - These 1 volunteers belong ONLY to Politician 1
2026-01-14 15:18:07 | INFO     | politician_location_dashboard  |    - NO OTHER politician should see these volunteers!
2026-01-14 15:18:07 | INFO     | politician_location_dashboard  | CACHE PREVENTION ACTIVE:
2026-01-14 15:18:07 | INFO     | politician_location_dashboard  |    - Current time: 2026-01-14T09:48:07.709715+00:00
2026-01-14 15:18:07 | INFO     | politician_location_dashboard  |    - Only locations newer than: 2026-01-14T09:43:07.709715+00:00
2026-01-14 15:18:07 | INFO     | politician_location_dashboard  |    - Locations older than 5 minutes will show as 'offline'
2026-01-14 15:18:07 | INFO     | politician_location_dashboard  |    - Volunteer 1: online (recent location found)
2026-01-14 15:18:07 | INFO     | politician_location_dashboard  | SENDING INITIAL STATE to Politician 1:
2026-01-14 15:18:07 | INFO     | politician_location_dashboard  |    - Total volunteers: 1
2026-01-14 15:18:07 | INFO     | politician_location_dashboard  |    - With recent locations: 1
2026-01-14 15:18:07 | INFO     | politician_location_dashboard  |    - Offline/no recent data: 0
2026-01-14 15:18:07 | INFO     | politician_location_dashboard  | Initial state sent successfully
2026-01-14 15:18:07 | INFO     | politician_location_dashboard  | Listening for messages from Politician 1...
2026-01-14 15:18:07 | INFO     | politician_location_dashboard  | Will receive updates ONLY from their 1 volunteer(s)
2026-01-14 15:18:12 | INFO     | volunteer_location_stream      | ====================================================================================================
2026-01-14 15:18:12 | INFO     | volunteer_location_stream      | VOLUNTEER WEBSOCKET CONNECTION ATTEMPT
2026-01-14 15:18:12 | INFO     | volunteer_location_stream      | ====================================================================================================
2026-01-14 15:18:12 | INFO     | volunteer_location_stream      | Volunteer ID: 1
2026-01-14 15:18:12 | INFO     | volunteer_location_stream      | Timestamp: 2026-01-14T09:48:12.183161+00:00
2026-01-14 15:18:12 | INFO     | volunteer_location_stream      | Volunteer FOUND:
2026-01-14 15:18:12 | INFO     | volunteer_location_stream      |    - Volunteer ID: 1
2026-01-14 15:18:12 | INFO     | volunteer_location_stream      |    - Volunteer Name: imran
2026-01-14 15:18:12 | INFO     | volunteer_location_stream      |    - BELONGS TO POLITICIAN ID: 1
2026-01-14 15:18:12 | INFO     | volunteer_location_stream      | Politician Details:
2026-01-14 15:18:12 | INFO     | volunteer_location_stream      |    - Politician ID: 1
2026-01-14 15:18:12 | INFO     | volunteer_location_stream      |    - Politician Name: imran pasha
2026-01-14 15:18:12 | INFO     | volunteer_location_stream      | Volunteer 1 WebSocket ACCEPTED
2026-01-14 15:18:12 | INFO     | connect_volunteer              | Volunteer 1 connected (Total: 1)
2026-01-14 15:18:12 | INFO     | volunteer_location_stream      | BROADCASTING ONLINE STATUS:
2026-01-14 15:18:12 | INFO     | volunteer_location_stream      |    - FROM: Volunteer 1
2026-01-14 15:18:12 | INFO     | volunteer_location_stream      |    - TO: Politician 1 ONLY
2026-01-14 15:18:12 | INFO     | broadcast_location_to_politician | BROADCAST REQUEST:
2026-01-14 15:18:12 | INFO     | broadcast_location_to_politician |    - Target: Politician 1
2026-01-14 15:18:12 | INFO     | broadcast_location_to_politician |    - Volunteer: 1
2026-01-14 15:18:12 | INFO     | broadcast_location_to_politician |    - Status: online
2026-01-14 15:18:12 | INFO     | broadcast_location_to_politician |    - All connected politicians: [2, 1]
2026-01-14 15:18:12 | WARNING  | broadcast_location_to_politician | SECURITY: Other politicians connected [2] - they will NOT receive this
2026-01-14 15:18:12 | INFO     | broadcast_location_to_politician | Broadcast complete: 3 sent to Politician 1
2026-01-14 15:18:12 | INFO     | volunteer_location_stream      | Listening for location updates from volunteer 1...
2026-01-14 15:18:13 | INFO     | volunteer_location_stream      | LOCATION UPDATE RECEIVED:
2026-01-14 15:18:13 | INFO     | volunteer_location_stream      |    - Volunteer ID: 1
2026-01-14 15:18:13 | INFO     | volunteer_location_stream      |    - Lat/Lng: (17.4255489, 78.4361476)
2026-01-14 15:18:13 | INFO     | volunteer_location_stream      | Location saved to database (ID: 35)
2026-01-14 15:18:13 | INFO     | volunteer_location_stream      | BROADCASTING to Politician 1 ONLY
2026-01-14 15:18:13 | INFO     | broadcast_location_to_politician | BROADCAST REQUEST:
2026-01-14 15:18:13 | INFO     | broadcast_location_to_politician |    - Target: Politician 1
2026-01-14 15:18:13 | INFO     | broadcast_location_to_politician |    - Volunteer: 1
2026-01-14 15:18:13 | INFO     | broadcast_location_to_politician |    - Status: online
2026-01-14 15:18:13 | INFO     | broadcast_location_to_politician |    - All connected politicians: [2, 1]
2026-01-14 15:18:13 | WARNING  | broadcast_location_to_politician | SECURITY: Other politicians connected [2] - they will NOT receive this
2026-01-14 15:18:13 | INFO     | broadcast_location_to_politician | Broadcast complete: 3 sent to Politician 1
2026-01-14 15:18:14 | INFO     | volunteer_location_stream      | Volunteer 1 WebSocket DISCONNECTED
2026-01-14 15:18:14 | INFO     | volunteer_location_stream      | CLEANUP for volunteer 1
2026-01-14 15:18:14 | INFO     | disconnect_volunteer           | Volunteer 1 disconnected (Remaining: 0)
2026-01-14 15:18:14 | INFO     | volunteer_location_stream      | BROADCASTING OFFLINE to Politician 1
2026-01-14 15:18:14 | INFO     | broadcast_location_to_politician | BROADCAST REQUEST:
2026-01-14 15:18:14 | INFO     | broadcast_location_to_politician |    - Target: Politician 1
2026-01-14 15:18:14 | INFO     | broadcast_location_to_politician |    - Volunteer: 1
2026-01-14 15:18:14 | INFO     | broadcast_location_to_politician |    - Status: offline
2026-01-14 15:18:14 | INFO     | broadcast_location_to_politician |    - All connected politicians: [2, 1]
2026-01-14 15:18:14 | WARNING  | broadcast_location_to_politician | SECURITY: Other politicians connected [2] - they will NOT receive this
2026-01-14 15:18:14 | INFO     | broadcast_location_to_politician | Broadcast complete: 3 sent to Politician 1
2026-01-14 15:18:14 | INFO     | volunteer_location_stream      | ====================================================================================================
2026-01-14 15:18:14 | INFO     | volunteer_location_stream      | VOLUNTEER 1 SESSION ENDED
2026-01-14 15:18:14 | INFO     | volunteer_location_stream      | ====================================================================================================
2026-01-14 15:18:17 | INFO     | politician_location_dashboard  | 
2026-01-14 15:18:17 | INFO     | politician_location_dashboard  | ====================================================================================================
2026-01-14 15:18:17 | INFO     | politician_location_dashboard  | POLITICIAN WEBSOCKET CONNECTION ATTEMPT
2026-01-14 15:18:17 | INFO     | politician_location_dashboard  | ====================================================================================================
2026-01-14 15:18:17 | INFO     | politician_location_dashboard  | Timestamp: 2026-01-14T09:48:17.806779+00:00
2026-01-14 15:18:17 | INFO     | politician_location_dashboard  | Politician FOUND:
2026-01-14 15:18:17 | INFO     | politician_location_dashboard  |    - POLITICIAN ID: 1
2026-01-14 15:18:17 | INFO     | politician_location_dashboard  |    - Email: imranpasha@gmil.com
2026-01-14 15:18:17 | INFO     | politician_location_dashboard  |    - Full Name: imran pasha
2026-01-14 15:18:17 | INFO     | politician_location_dashboard  | Politician 1 WebSocket ACCEPTED
2026-01-14 15:18:17 | INFO     | connect_politician             | Politician 1 connected (Connections: 4)
2026-01-14 15:18:17 | INFO     | connect_politician             | All connected politicians: [2, 1]
2026-01-14 15:18:17 | INFO     | politician_location_dashboard  | Fetching volunteers FOR POLITICIAN 1 ONLY...
2026-01-14 15:18:17 | INFO     | politician_location_dashboard  | Found 1 volunteer(s) for Politician 1
2026-01-14 15:18:17 | INFO     | politician_location_dashboard  |    [1] Volunteer ID: 1, Name: imran, Belongs to Politician: 1
2026-01-14 15:18:17 | INFO     | politician_location_dashboard  | SECURITY CHECK:
2026-01-14 15:18:17 | INFO     | politician_location_dashboard  |    - These 1 volunteers belong ONLY to Politician 1
2026-01-14 15:18:17 | INFO     | politician_location_dashboard  |    - NO OTHER politician should see these volunteers!
2026-01-14 15:18:17 | INFO     | politician_location_dashboard  | CACHE PREVENTION ACTIVE:
2026-01-14 15:18:17 | INFO     | politician_location_dashboard  |    - Current time: 2026-01-14T09:48:17.811026+00:00
2026-01-14 15:18:17 | INFO     | politician_location_dashboard  |    - Only locations newer than: 2026-01-14T09:43:17.811026+00:00
2026-01-14 15:18:17 | INFO     | politician_location_dashboard  |    - Locations older than 5 minutes will show as 'offline'
2026-01-14 15:18:17 | INFO     | politician_location_dashboard  |    - Volunteer 1: online (recent location found)
2026-01-14 15:18:17 | INFO     | politician_location_dashboard  | SENDING INITIAL STATE to Politician 1:
2026-01-14 15:18:17 | INFO     | politician_location_dashboard  |    - Total volunteers: 1
2026-01-14 15:18:17 | INFO     | politician_location_dashboard  |    - With recent locations: 1
2026-01-14 15:18:17 | INFO     | politician_location_dashboard  |    - Offline/no recent data: 0
2026-01-14 15:18:17 | INFO     | politician_location_dashboard  | Initial state sent successfully
2026-01-14 15:18:17 | INFO     | politician_location_dashboard  | Listening for messages from Politician 1...
2026-01-14 15:18:17 | INFO     | politician_location_dashboard  | Will receive updates ONLY from their 1 volunteer(s)
2026-01-14 15:18:21 | INFO     | politician_location_dashboard  | 
2026-01-14 15:18:21 | INFO     | politician_location_dashboard  | ====================================================================================================
2026-01-14 15:18:21 | INFO     | politician_location_dashboard  | POLITICIAN WEBSOCKET CONNECTION ATTEMPT
2026-01-14 15:18:21 | INFO     | politician_location_dashboard  | ====================================================================================================
2026-01-14 15:18:21 | INFO     | politician_location_dashboard  | Timestamp: 2026-01-14T09:48:21.328838+00:00
2026-01-14 15:18:21 | INFO     | politician_location_dashboard  | Politician FOUND:
2026-01-14 15:18:21 | INFO     | politician_location_dashboard  |    - POLITICIAN ID: 1
2026-01-14 15:18:21 | INFO     | politician_location_dashboard  |    - Email: imranpasha@gmil.com
2026-01-14 15:18:21 | INFO     | politician_location_dashboard  |    - Full Name: imran pasha
2026-01-14 15:18:21 | INFO     | politician_location_dashboard  | Politician 1 WebSocket ACCEPTED
2026-01-14 15:18:21 | INFO     | connect_politician             | Politician 1 connected (Connections: 5)
2026-01-14 15:18:21 | INFO     | connect_politician             | All connected politicians: [2, 1]
2026-01-14 15:18:21 | INFO     | politician_location_dashboard  | Fetching volunteers FOR POLITICIAN 1 ONLY...
2026-01-14 15:18:21 | INFO     | politician_location_dashboard  | Found 1 volunteer(s) for Politician 1
2026-01-14 15:18:21 | INFO     | politician_location_dashboard  |    [1] Volunteer ID: 1, Name: imran, Belongs to Politician: 1
2026-01-14 15:18:21 | INFO     | politician_location_dashboard  | SECURITY CHECK:
2026-01-14 15:18:21 | INFO     | politician_location_dashboard  |    - These 1 volunteers belong ONLY to Politician 1
2026-01-14 15:18:21 | INFO     | politician_location_dashboard  |    - NO OTHER politician should see these volunteers!
2026-01-14 15:18:21 | INFO     | politician_location_dashboard  | CACHE PREVENTION ACTIVE:
2026-01-14 15:18:21 | INFO     | politician_location_dashboard  |    - Current time: 2026-01-14T09:48:21.351861+00:00
2026-01-14 15:18:21 | INFO     | politician_location_dashboard  |    - Only locations newer than: 2026-01-14T09:43:21.351861+00:00
2026-01-14 15:18:21 | INFO     | politician_location_dashboard  |    - Locations older than 5 minutes will show as 'offline'
2026-01-14 15:18:21 | INFO     | politician_location_dashboard  |    - Volunteer 1: online (recent location found)
2026-01-14 15:18:21 | INFO     | politician_location_dashboard  | SENDING INITIAL STATE to Politician 1:
2026-01-14 15:18:21 | INFO     | politician_location_dashboard  |    - Total volunteers: 1
2026-01-14 15:18:21 | INFO     | politician_location_dashboard  |    - With recent locations: 1
2026-01-14 15:18:21 | INFO     | politician_location_dashboard  |    - Offline/no recent data: 0
2026-01-14 15:18:21 | INFO     | politician_location_dashboard  | Initial state sent successfully
2026-01-14 15:18:21 | INFO     | politician_location_dashboard  | Listening for messages from Politician 1...
2026-01-14 15:18:21 | INFO     | politician_location_dashboard  | Will receive updates ONLY from their 1 volunteer(s)
2026-01-14 15:18:25 | INFO     | volunteer_location_stream      | ====================================================================================================
2026-01-14 15:18:25 | INFO     | volunteer_location_stream      | VOLUNTEER WEBSOCKET CONNECTION ATTEMPT
2026-01-14 15:18:25 | INFO     | volunteer_location_stream      | ====================================================================================================
2026-01-14 15:18:25 | INFO     | volunteer_location_stream      | Volunteer ID: 1
2026-01-14 15:18:25 | INFO     | volunteer_location_stream      | Timestamp: 2026-01-14T09:48:25.911262+00:00
2026-01-14 15:18:25 | INFO     | volunteer_location_stream      | Volunteer FOUND:
2026-01-14 15:18:25 | INFO     | volunteer_location_stream      |    - Volunteer ID: 1
2026-01-14 15:18:25 | INFO     | volunteer_location_stream      |    - Volunteer Name: imran
2026-01-14 15:18:25 | INFO     | volunteer_location_stream      |    - BELONGS TO POLITICIAN ID: 1
2026-01-14 15:18:25 | INFO     | volunteer_location_stream      | Politician Details:
2026-01-14 15:18:25 | INFO     | volunteer_location_stream      |    - Politician ID: 1
2026-01-14 15:18:25 | INFO     | volunteer_location_stream      |    - Politician Name: imran pasha
2026-01-14 15:18:25 | INFO     | volunteer_location_stream      | Volunteer 1 WebSocket ACCEPTED
2026-01-14 15:18:25 | INFO     | connect_volunteer              | Volunteer 1 connected (Total: 1)
2026-01-14 15:18:25 | INFO     | volunteer_location_stream      | BROADCASTING ONLINE STATUS:
2026-01-14 15:18:25 | INFO     | volunteer_location_stream      |    - FROM: Volunteer 1
2026-01-14 15:18:25 | INFO     | volunteer_location_stream      |    - TO: Politician 1 ONLY
2026-01-14 15:18:25 | INFO     | broadcast_location_to_politician | BROADCAST REQUEST:
2026-01-14 15:18:25 | INFO     | broadcast_location_to_politician |    - Target: Politician 1
2026-01-14 15:18:25 | INFO     | broadcast_location_to_politician |    - Volunteer: 1
2026-01-14 15:18:25 | INFO     | broadcast_location_to_politician |    - Status: online
2026-01-14 15:18:25 | INFO     | broadcast_location_to_politician |    - All connected politicians: [2, 1]
2026-01-14 15:18:25 | WARNING  | broadcast_location_to_politician | SECURITY: Other politicians connected [2] - they will NOT receive this
2026-01-14 15:18:25 | INFO     | broadcast_location_to_politician | Broadcast complete: 5 sent to Politician 1
2026-01-14 15:18:25 | INFO     | volunteer_location_stream      | Listening for location updates from volunteer 1...
2026-01-14 15:18:26 | INFO     | volunteer_location_stream      | LOCATION UPDATE RECEIVED:
2026-01-14 15:18:26 | INFO     | volunteer_location_stream      |    - Volunteer ID: 1
2026-01-14 15:18:26 | INFO     | volunteer_location_stream      |    - Lat/Lng: (17.4255321, 78.4361475)
2026-01-14 15:18:26 | INFO     | volunteer_location_stream      | Location saved to database (ID: 36)
2026-01-14 15:18:26 | INFO     | volunteer_location_stream      | BROADCASTING to Politician 1 ONLY
2026-01-14 15:18:26 | INFO     | broadcast_location_to_politician | BROADCAST REQUEST:
2026-01-14 15:18:26 | INFO     | broadcast_location_to_politician |    - Target: Politician 1
2026-01-14 15:18:26 | INFO     | broadcast_location_to_politician |    - Volunteer: 1
2026-01-14 15:18:26 | INFO     | broadcast_location_to_politician |    - Status: online
2026-01-14 15:18:26 | INFO     | broadcast_location_to_politician |    - All connected politicians: [2, 1]
2026-01-14 15:18:26 | WARNING  | broadcast_location_to_politician | SECURITY: Other politicians connected [2] - they will NOT receive this
2026-01-14 15:18:26 | INFO     | broadcast_location_to_politician | Broadcast complete: 5 sent to Politician 1
2026-01-14 15:18:29 | INFO     | politician_location_dashboard  | 
2026-01-14 15:18:29 | INFO     | politician_location_dashboard  | ====================================================================================================
2026-01-14 15:18:29 | INFO     | politician_location_dashboard  | POLITICIAN WEBSOCKET CONNECTION ATTEMPT
2026-01-14 15:18:29 | INFO     | politician_location_dashboard  | ====================================================================================================
2026-01-14 15:18:29 | INFO     | politician_location_dashboard  | Timestamp: 2026-01-14T09:48:29.345404+00:00
2026-01-14 15:18:29 | INFO     | politician_location_dashboard  | Politician FOUND:
2026-01-14 15:18:29 | INFO     | politician_location_dashboard  |    - POLITICIAN ID: 1
2026-01-14 15:18:29 | INFO     | politician_location_dashboard  |    - Email: imranpasha@gmil.com
2026-01-14 15:18:29 | INFO     | politician_location_dashboard  |    - Full Name: imran pasha
2026-01-14 15:18:29 | INFO     | politician_location_dashboard  | Politician 1 WebSocket ACCEPTED
2026-01-14 15:18:29 | INFO     | connect_politician             | Politician 1 connected (Connections: 6)
2026-01-14 15:18:29 | INFO     | connect_politician             | All connected politicians: [2, 1]
2026-01-14 15:18:29 | INFO     | politician_location_dashboard  | Fetching volunteers FOR POLITICIAN 1 ONLY...
2026-01-14 15:18:29 | INFO     | politician_location_dashboard  | Found 1 volunteer(s) for Politician 1
2026-01-14 15:18:29 | INFO     | politician_location_dashboard  |    [1] Volunteer ID: 1, Name: imran, Belongs to Politician: 1
2026-01-14 15:18:29 | INFO     | politician_location_dashboard  | SECURITY CHECK:
2026-01-14 15:18:29 | INFO     | politician_location_dashboard  |    - These 1 volunteers belong ONLY to Politician 1
2026-01-14 15:18:29 | INFO     | politician_location_dashboard  |    - NO OTHER politician should see these volunteers!
2026-01-14 15:18:29 | INFO     | politician_location_dashboard  | CACHE PREVENTION ACTIVE:
2026-01-14 15:18:29 | INFO     | politician_location_dashboard  |    - Current time: 2026-01-14T09:48:29.370624+00:00
2026-01-14 15:18:29 | INFO     | politician_location_dashboard  |    - Only locations newer than: 2026-01-14T09:43:29.370624+00:00
2026-01-14 15:18:29 | INFO     | politician_location_dashboard  |    - Locations older than 5 minutes will show as 'offline'
2026-01-14 15:18:29 | INFO     | politician_location_dashboard  |    - Volunteer 1: online (recent location found)
2026-01-14 15:18:29 | INFO     | politician_location_dashboard  | SENDING INITIAL STATE to Politician 1:
2026-01-14 15:18:29 | INFO     | politician_location_dashboard  |    - Total volunteers: 1
2026-01-14 15:18:29 | INFO     | politician_location_dashboard  |    - With recent locations: 1
2026-01-14 15:18:29 | INFO     | politician_location_dashboard  |    - Offline/no recent data: 0
2026-01-14 15:18:29 | INFO     | politician_location_dashboard  | Initial state sent successfully
2026-01-14 15:18:29 | INFO     | politician_location_dashboard  | Listening for messages from Politician 1...
2026-01-14 15:18:29 | INFO     | politician_location_dashboard  | Will receive updates ONLY from their 1 volunteer(s)
2026-01-14 15:18:43 | INFO     | volunteer_location_stream      | Volunteer 1 WebSocket DISCONNECTED
2026-01-14 15:18:43 | INFO     | volunteer_location_stream      | CLEANUP for volunteer 1
2026-01-14 15:18:43 | INFO     | disconnect_volunteer           | Volunteer 1 disconnected (Remaining: 0)
2026-01-14 15:18:43 | INFO     | volunteer_location_stream      | BROADCASTING OFFLINE to Politician 1
2026-01-14 15:18:43 | INFO     | broadcast_location_to_politician | BROADCAST REQUEST:
2026-01-14 15:18:43 | INFO     | broadcast_location_to_politician |    - Target: Politician 1
2026-01-14 15:18:43 | INFO     | broadcast_location_to_politician |    - Volunteer: 1
2026-01-14 15:18:43 | INFO     | broadcast_location_to_politician |    - Status: offline
2026-01-14 15:18:43 | INFO     | broadcast_location_to_politician |    - All connected politicians: [2, 1]
2026-01-14 15:18:43 | WARNING  | broadcast_location_to_politician | SECURITY: Other politicians connected [2] - they will NOT receive this
2026-01-14 15:18:43 | INFO     | broadcast_location_to_politician | Broadcast complete: 6 sent to Politician 1
2026-01-14 15:18:43 | INFO     | volunteer_location_stream      | ====================================================================================================
2026-01-14 15:18:43 | INFO     | volunteer_location_stream      | VOLUNTEER 1 SESSION ENDED
2026-01-14 15:18:43 | INFO     | volunteer_location_stream      | ====================================================================================================
2026-01-14 15:18:47 | INFO     | politician_location_dashboard  | 
2026-01-14 15:18:47 | INFO     | politician_location_dashboard  | ====================================================================================================
2026-01-14 15:18:47 | INFO     | politician_location_dashboard  | POLITICIAN WEBSOCKET CONNECTION ATTEMPT
2026-01-14 15:18:47 | INFO     | politician_location_dashboard  | ====================================================================================================
2026-01-14 15:18:47 | INFO     | politician_location_dashboard  | Timestamp: 2026-01-14T09:48:47.237621+00:00
2026-01-14 15:18:47 | INFO     | politician_location_dashboard  | Politician FOUND:
2026-01-14 15:18:47 | INFO     | politician_location_dashboard  |    - POLITICIAN ID: 1
2026-01-14 15:18:47 | INFO     | politician_location_dashboard  |    - Email: imranpasha@gmil.com
2026-01-14 15:18:47 | INFO     | politician_location_dashboard  |    - Full Name: imran pasha
2026-01-14 15:18:47 | INFO     | politician_location_dashboard  | Politician 1 WebSocket ACCEPTED
2026-01-14 15:18:47 | INFO     | connect_politician             | Politician 1 connected (Connections: 7)
2026-01-14 15:18:47 | INFO     | connect_politician             | All connected politicians: [2, 1]
2026-01-14 15:18:47 | INFO     | politician_location_dashboard  | Fetching volunteers FOR POLITICIAN 1 ONLY...
2026-01-14 15:18:47 | INFO     | politician_location_dashboard  | Found 1 volunteer(s) for Politician 1
2026-01-14 15:18:47 | INFO     | politician_location_dashboard  |    [1] Volunteer ID: 1, Name: imran, Belongs to Politician: 1
2026-01-14 15:18:47 | INFO     | politician_location_dashboard  | SECURITY CHECK:
2026-01-14 15:18:47 | INFO     | politician_location_dashboard  |    - These 1 volunteers belong ONLY to Politician 1
2026-01-14 15:18:47 | INFO     | politician_location_dashboard  |    - NO OTHER politician should see these volunteers!
2026-01-14 15:18:47 | INFO     | politician_location_dashboard  | CACHE PREVENTION ACTIVE:
2026-01-14 15:18:47 | INFO     | politician_location_dashboard  |    - Current time: 2026-01-14T09:48:47.241529+00:00
2026-01-14 15:18:47 | INFO     | politician_location_dashboard  |    - Only locations newer than: 2026-01-14T09:43:47.241529+00:00
2026-01-14 15:18:47 | INFO     | politician_location_dashboard  |    - Locations older than 5 minutes will show as 'offline'
2026-01-14 15:18:47 | INFO     | politician_location_dashboard  |    - Volunteer 1: online (recent location found)
2026-01-14 15:18:47 | INFO     | politician_location_dashboard  | SENDING INITIAL STATE to Politician 1:
2026-01-14 15:18:47 | INFO     | politician_location_dashboard  |    - Total volunteers: 1
2026-01-14 15:18:47 | INFO     | politician_location_dashboard  |    - With recent locations: 1
2026-01-14 15:18:47 | INFO     | politician_location_dashboard  |    - Offline/no recent data: 0
2026-01-14 15:18:47 | INFO     | politician_location_dashboard  | Initial state sent successfully
2026-01-14 15:18:47 | INFO     | politician_location_dashboard  | Listening for messages from Politician 1...
2026-01-14 15:18:47 | INFO     | politician_location_dashboard  | Will receive updates ONLY from their 1 volunteer(s)
2026-01-14 15:18:58 | INFO     | volunteer_location_stream      | ====================================================================================================
2026-01-14 15:18:58 | INFO     | volunteer_location_stream      | VOLUNTEER WEBSOCKET CONNECTION ATTEMPT
2026-01-14 15:18:58 | INFO     | volunteer_location_stream      | ====================================================================================================
2026-01-14 15:18:58 | INFO     | volunteer_location_stream      | Volunteer ID: 1
2026-01-14 15:18:58 | INFO     | volunteer_location_stream      | Timestamp: 2026-01-14T09:48:58.479767+00:00
2026-01-14 15:18:58 | INFO     | volunteer_location_stream      | Volunteer FOUND:
2026-01-14 15:18:58 | INFO     | volunteer_location_stream      |    - Volunteer ID: 1
2026-01-14 15:18:58 | INFO     | volunteer_location_stream      |    - Volunteer Name: imran
2026-01-14 15:18:58 | INFO     | volunteer_location_stream      |    - BELONGS TO POLITICIAN ID: 1
2026-01-14 15:18:58 | INFO     | volunteer_location_stream      | Politician Details:
2026-01-14 15:18:58 | INFO     | volunteer_location_stream      |    - Politician ID: 1
2026-01-14 15:18:58 | INFO     | volunteer_location_stream      |    - Politician Name: imran pasha
2026-01-14 15:18:58 | INFO     | volunteer_location_stream      | Volunteer 1 WebSocket ACCEPTED
2026-01-14 15:18:58 | INFO     | connect_volunteer              | Volunteer 1 connected (Total: 1)
2026-01-14 15:18:58 | INFO     | volunteer_location_stream      | BROADCASTING ONLINE STATUS:
2026-01-14 15:18:58 | INFO     | volunteer_location_stream      |    - FROM: Volunteer 1
2026-01-14 15:18:58 | INFO     | volunteer_location_stream      |    - TO: Politician 1 ONLY
2026-01-14 15:18:58 | INFO     | broadcast_location_to_politician | BROADCAST REQUEST:
2026-01-14 15:18:58 | INFO     | broadcast_location_to_politician |    - Target: Politician 1
2026-01-14 15:18:58 | INFO     | broadcast_location_to_politician |    - Volunteer: 1
2026-01-14 15:18:58 | INFO     | broadcast_location_to_politician |    - Status: online
2026-01-14 15:18:58 | INFO     | broadcast_location_to_politician |    - All connected politicians: [2, 1]
2026-01-14 15:18:58 | WARNING  | broadcast_location_to_politician | SECURITY: Other politicians connected [2] - they will NOT receive this
2026-01-14 15:18:58 | INFO     | broadcast_location_to_politician | Broadcast complete: 7 sent to Politician 1
2026-01-14 15:18:58 | INFO     | volunteer_location_stream      | Listening for location updates from volunteer 1...
2026-01-14 15:18:59 | INFO     | volunteer_location_stream      | LOCATION UPDATE RECEIVED:
2026-01-14 15:18:59 | INFO     | volunteer_location_stream      |    - Volunteer ID: 1
2026-01-14 15:18:59 | INFO     | volunteer_location_stream      |    - Lat/Lng: (17.425538, 78.4361461)
2026-01-14 15:18:59 | INFO     | volunteer_location_stream      | Location saved to database (ID: 37)
2026-01-14 15:18:59 | INFO     | volunteer_location_stream      | BROADCASTING to Politician 1 ONLY
2026-01-14 15:18:59 | INFO     | broadcast_location_to_politician | BROADCAST REQUEST:
2026-01-14 15:18:59 | INFO     | broadcast_location_to_politician |    - Target: Politician 1
2026-01-14 15:18:59 | INFO     | broadcast_location_to_politician |    - Volunteer: 1
2026-01-14 15:18:59 | INFO     | broadcast_location_to_politician |    - Status: online
2026-01-14 15:18:59 | INFO     | broadcast_location_to_politician |    - All connected politicians: [2, 1]
2026-01-14 15:18:59 | WARNING  | broadcast_location_to_politician | SECURITY: Other politicians connected [2] - they will NOT receive this
2026-01-14 15:18:59 | INFO     | broadcast_location_to_politician | Broadcast complete: 7 sent to Politician 1
2026-01-14 15:19:29 | INFO     | volunteer_location_stream      | LOCATION UPDATE RECEIVED:
2026-01-14 15:19:29 | INFO     | volunteer_location_stream      |    - Volunteer ID: 1
2026-01-14 15:19:29 | INFO     | volunteer_location_stream      |    - Lat/Lng: (17.425522, 78.4361401)
2026-01-14 15:19:29 | INFO     | volunteer_location_stream      | Location saved to database (ID: 38)
2026-01-14 15:19:29 | INFO     | volunteer_location_stream      | BROADCASTING to Politician 1 ONLY
2026-01-14 15:19:29 | INFO     | broadcast_location_to_politician | BROADCAST REQUEST:
2026-01-14 15:19:29 | INFO     | broadcast_location_to_politician |    - Target: Politician 1
2026-01-14 15:19:29 | INFO     | broadcast_location_to_politician |    - Volunteer: 1
2026-01-14 15:19:29 | INFO     | broadcast_location_to_politician |    - Status: online
2026-01-14 15:19:29 | INFO     | broadcast_location_to_politician |    - All connected politicians: [2, 1]
2026-01-14 15:19:29 | WARNING  | broadcast_location_to_politician | SECURITY: Other politicians connected [2] - they will NOT receive this
2026-01-14 15:19:29 | INFO     | broadcast_location_to_politician | Broadcast complete: 7 sent to Politician 1
2026-01-14 15:19:59 | INFO     | volunteer_location_stream      | LOCATION UPDATE RECEIVED:
2026-01-14 15:19:59 | INFO     | volunteer_location_stream      |    - Volunteer ID: 1
2026-01-14 15:19:59 | INFO     | volunteer_location_stream      |    - Lat/Lng: (17.4255392, 78.4361537)
2026-01-14 15:19:59 | INFO     | volunteer_location_stream      | Location saved to database (ID: 39)
2026-01-14 15:19:59 | INFO     | volunteer_location_stream      | BROADCASTING to Politician 1 ONLY
2026-01-14 15:19:59 | INFO     | broadcast_location_to_politician | BROADCAST REQUEST:
2026-01-14 15:19:59 | INFO     | broadcast_location_to_politician |    - Target: Politician 1
2026-01-14 15:19:59 | INFO     | broadcast_location_to_politician |    - Volunteer: 1
2026-01-14 15:19:59 | INFO     | broadcast_location_to_politician |    - Status: online
2026-01-14 15:19:59 | INFO     | broadcast_location_to_politician |    - All connected politicians: [2, 1]
2026-01-14 15:19:59 | WARNING  | broadcast_location_to_politician | SECURITY: Other politicians connected [2] - they will NOT receive this
2026-01-14 15:19:59 | INFO     | broadcast_location_to_politician | Broadcast complete: 7 sent to Politician 1
2026-01-14 15:20:29 | INFO     | volunteer_location_stream      | LOCATION UPDATE RECEIVED:
2026-01-14 15:20:29 | INFO     | volunteer_location_stream      |    - Volunteer ID: 1
2026-01-14 15:20:29 | INFO     | volunteer_location_stream      |    - Lat/Lng: (17.4255461, 78.4361496)
2026-01-14 15:20:29 | INFO     | volunteer_location_stream      | Location saved to database (ID: 40)
2026-01-14 15:20:29 | INFO     | volunteer_location_stream      | BROADCASTING to Politician 1 ONLY
2026-01-14 15:20:29 | INFO     | broadcast_location_to_politician | BROADCAST REQUEST:
2026-01-14 15:20:29 | INFO     | broadcast_location_to_politician |    - Target: Politician 1
2026-01-14 15:20:29 | INFO     | broadcast_location_to_politician |    - Volunteer: 1
2026-01-14 15:20:29 | INFO     | broadcast_location_to_politician |    - Status: online
2026-01-14 15:20:29 | INFO     | broadcast_location_to_politician |    - All connected politicians: [2, 1]
2026-01-14 15:20:29 | WARNING  | broadcast_location_to_politician | SECURITY: Other politicians connected [2] - they will NOT receive this
2026-01-14 15:20:29 | INFO     | broadcast_location_to_politician | Broadcast complete: 7 sent to Politician 1
2026-01-14 15:20:59 | INFO     | volunteer_location_stream      | LOCATION UPDATE RECEIVED:
2026-01-14 15:20:59 | INFO     | volunteer_location_stream      |    - Volunteer ID: 1
2026-01-14 15:20:59 | INFO     | volunteer_location_stream      |    - Lat/Lng: (17.4255359, 78.4361555)
2026-01-14 15:20:59 | INFO     | volunteer_location_stream      | Location saved to database (ID: 41)
2026-01-14 15:20:59 | INFO     | volunteer_location_stream      | BROADCASTING to Politician 1 ONLY
2026-01-14 15:20:59 | INFO     | broadcast_location_to_politician | BROADCAST REQUEST:
2026-01-14 15:20:59 | INFO     | broadcast_location_to_politician |    - Target: Politician 1
2026-01-14 15:20:59 | INFO     | broadcast_location_to_politician |    - Volunteer: 1
2026-01-14 15:20:59 | INFO     | broadcast_location_to_politician |    - Status: online
2026-01-14 15:20:59 | INFO     | broadcast_location_to_politician |    - All connected politicians: [2, 1]
2026-01-14 15:20:59 | WARNING  | broadcast_location_to_politician | SECURITY: Other politicians connected [2] - they will NOT receive this
2026-01-14 15:20:59 | INFO     | broadcast_location_to_politician | Broadcast complete: 7 sent to Politician 1
2026-01-14 15:21:03 | INFO     | volunteer_location_stream      | Volunteer 1 WebSocket DISCONNECTED
2026-01-14 15:21:03 | INFO     | volunteer_location_stream      | CLEANUP for volunteer 1
2026-01-14 15:21:03 | INFO     | disconnect_volunteer           | Volunteer 1 disconnected (Remaining: 0)
2026-01-14 15:21:03 | INFO     | volunteer_location_stream      | BROADCASTING OFFLINE to Politician 1
2026-01-14 15:21:03 | INFO     | broadcast_location_to_politician | BROADCAST REQUEST:
2026-01-14 15:21:03 | INFO     | broadcast_location_to_politician |    - Target: Politician 1
2026-01-14 15:21:03 | INFO     | broadcast_location_to_politician |    - Volunteer: 1
2026-01-14 15:21:03 | INFO     | broadcast_location_to_politician |    - Status: offline
2026-01-14 15:21:03 | INFO     | broadcast_location_to_politician |    - All connected politicians: [2, 1]
2026-01-14 15:21:03 | WARNING  | broadcast_location_to_politician | SECURITY: Other politicians connected [2] - they will NOT receive this
2026-01-14 15:21:03 | INFO     | broadcast_location_to_politician | Broadcast complete: 7 sent to Politician 1
2026-01-14 15:21:03 | INFO     | volunteer_location_stream      | ====================================================================================================
2026-01-14 15:21:03 | INFO     | volunteer_location_stream      | VOLUNTEER 1 SESSION ENDED
2026-01-14 15:21:03 | INFO     | volunteer_location_stream      | ====================================================================================================
2026-01-14 15:21:56 | INFO     | politician_location_dashboard  | Politician 1 disconnected gracefully
2026-01-14 15:21:56 | INFO     | disconnect_politician          | Politician 1 one connection closed (Remaining: 6)
2026-01-14 15:21:56 | INFO     | politician_location_dashboard  | Cleanup complete for politician 1
2026-01-14 15:21:56 | INFO     | politician_location_dashboard  | ====================================================================================================
2026-01-14 15:21:56 | INFO     | politician_location_dashboard  | POLITICIAN 1 SESSION ENDED
2026-01-14 15:21:56 | INFO     | politician_location_dashboard  | ====================================================================================================
2026-01-14 15:21:56 | INFO     | politician_location_dashboard  | Politician 1 disconnected gracefully
2026-01-14 15:21:56 | INFO     | disconnect_politician          | Politician 1 one connection closed (Remaining: 5)
2026-01-14 15:21:56 | INFO     | politician_location_dashboard  | Cleanup complete for politician 1
2026-01-14 15:21:56 | INFO     | politician_location_dashboard  | ====================================================================================================
2026-01-14 15:21:56 | INFO     | politician_location_dashboard  | POLITICIAN 1 SESSION ENDED
2026-01-14 15:21:56 | INFO     | politician_location_dashboard  | ====================================================================================================
2026-01-14 15:21:56 | INFO     | politician_location_dashboard  | Politician 2 disconnected gracefully
2026-01-14 15:21:56 | INFO     | disconnect_politician          | Politician 2 one connection closed (Remaining: 3)
2026-01-14 15:21:56 | INFO     | politician_location_dashboard  | Cleanup complete for politician 2
2026-01-14 15:21:56 | INFO     | politician_location_dashboard  | ====================================================================================================
2026-01-14 15:21:56 | INFO     | politician_location_dashboard  | POLITICIAN 2 SESSION ENDED
2026-01-14 15:21:56 | INFO     | politician_location_dashboard  | ====================================================================================================
2026-01-14 15:21:56 | INFO     | politician_location_dashboard  | Politician 1 disconnected gracefully
2026-01-14 15:21:56 | INFO     | disconnect_politician          | Politician 1 one connection closed (Remaining: 4)
2026-01-14 15:21:56 | INFO     | politician_location_dashboard  | Cleanup complete for politician 1
2026-01-14 15:21:56 | INFO     | politician_location_dashboard  | ====================================================================================================
2026-01-14 15:21:56 | INFO     | politician_location_dashboard  | POLITICIAN 1 SESSION ENDED
2026-01-14 15:21:56 | INFO     | politician_location_dashboard  | ====================================================================================================
2026-01-14 15:21:56 | INFO     | politician_location_dashboard  | Politician 1 disconnected gracefully
2026-01-14 15:21:56 | INFO     | disconnect_politician          | Politician 1 one connection closed (Remaining: 3)
2026-01-14 15:21:56 | INFO     | politician_location_dashboard  | Cleanup complete for politician 1
2026-01-14 15:21:56 | INFO     | politician_location_dashboard  | ====================================================================================================
2026-01-14 15:21:56 | INFO     | politician_location_dashboard  | POLITICIAN 1 SESSION ENDED
2026-01-14 15:21:56 | INFO     | politician_location_dashboard  | ====================================================================================================
2026-01-14 15:21:56 | INFO     | politician_location_dashboard  | Politician 1 disconnected gracefully
2026-01-14 15:21:56 | INFO     | disconnect_politician          | Politician 1 one connection closed (Remaining: 2)
2026-01-14 15:21:56 | INFO     | politician_location_dashboard  | Cleanup complete for politician 1
2026-01-14 15:21:56 | INFO     | politician_location_dashboard  | ====================================================================================================
2026-01-14 15:21:56 | INFO     | politician_location_dashboard  | POLITICIAN 1 SESSION ENDED
2026-01-14 15:21:56 | INFO     | politician_location_dashboard  | ====================================================================================================
2026-01-14 15:21:56 | INFO     | politician_location_dashboard  | Politician 2 disconnected gracefully
2026-01-14 15:21:56 | INFO     | disconnect_politician          | Politician 2 one connection closed (Remaining: 2)
2026-01-14 15:21:56 | INFO     | politician_location_dashboard  | Cleanup complete for politician 2
2026-01-14 15:21:56 | INFO     | politician_location_dashboard  | ====================================================================================================
2026-01-14 15:21:56 | INFO     | politician_location_dashboard  | POLITICIAN 2 SESSION ENDED
2026-01-14 15:21:56 | INFO     | politician_location_dashboard  | ====================================================================================================
2026-01-14 15:21:56 | INFO     | politician_location_dashboard  | Politician 1 disconnected gracefully
2026-01-14 15:21:56 | INFO     | disconnect_politician          | Politician 1 one connection closed (Remaining: 1)
2026-01-14 15:21:56 | INFO     | politician_location_dashboard  | Cleanup complete for politician 1
2026-01-14 15:21:56 | INFO     | politician_location_dashboard  | ====================================================================================================
2026-01-14 15:21:56 | INFO     | politician_location_dashboard  | POLITICIAN 1 SESSION ENDED
2026-01-14 15:21:56 | INFO     | politician_location_dashboard  | ====================================================================================================
2026-01-14 15:21:56 | INFO     | politician_location_dashboard  | Politician 2 disconnected gracefully
2026-01-14 15:21:56 | INFO     | disconnect_politician          | Politician 2 one connection closed (Remaining: 1)
2026-01-14 15:21:56 | INFO     | politician_location_dashboard  | Cleanup complete for politician 2
2026-01-14 15:21:56 | INFO     | politician_location_dashboard  | ====================================================================================================
2026-01-14 15:21:56 | INFO     | politician_location_dashboard  | POLITICIAN 2 SESSION ENDED
2026-01-14 15:21:56 | INFO     | politician_location_dashboard  | ====================================================================================================
2026-01-14 15:21:56 | INFO     | politician_location_dashboard  | Politician 1 disconnected gracefully
2026-01-14 15:21:56 | INFO     | disconnect_politician          | Politician 1 fully disconnected
2026-01-14 15:21:56 | INFO     | politician_location_dashboard  | Cleanup complete for politician 1
2026-01-14 15:21:56 | INFO     | politician_location_dashboard  | ====================================================================================================
2026-01-14 15:21:56 | INFO     | politician_location_dashboard  | POLITICIAN 1 SESSION ENDED
2026-01-14 15:21:56 | INFO     | politician_location_dashboard  | ====================================================================================================
2026-01-14 15:21:56 | INFO     | politician_location_dashboard  | Politician 2 disconnected gracefully
2026-01-14 15:21:56 | INFO     | disconnect_politician          | Politician 2 fully disconnected
2026-01-14 15:21:56 | INFO     | politician_location_dashboard  | Cleanup complete for politician 2
2026-01-14 15:21:56 | INFO     | politician_location_dashboard  | ====================================================================================================
2026-01-14 15:21:56 | INFO     | politician_location_dashboard  | POLITICIAN 2 SESSION ENDED
2026-01-14 15:21:56 | INFO     | politician_location_dashboard  | ====================================================================================================
2026-01-14 15:22:12 | INFO     | politician_location_dashboard  | 
2026-01-14 15:22:12 | INFO     | politician_location_dashboard  | ====================================================================================================
2026-01-14 15:22:12 | INFO     | politician_location_dashboard  | POLITICIAN WEBSOCKET CONNECTION ATTEMPT
2026-01-14 15:22:12 | INFO     | politician_location_dashboard  | ====================================================================================================
2026-01-14 15:22:12 | INFO     | politician_location_dashboard  | Timestamp: 2026-01-14T09:52:12.500165+00:00
2026-01-14 15:22:12 | INFO     | politician_location_dashboard  | Politician FOUND:
2026-01-14 15:22:12 | INFO     | politician_location_dashboard  |    - POLITICIAN ID: 1
2026-01-14 15:22:12 | INFO     | politician_location_dashboard  |    - Email: imranpasha@gmil.com
2026-01-14 15:22:12 | INFO     | politician_location_dashboard  |    - Full Name: imran pasha
2026-01-14 15:22:12 | INFO     | politician_location_dashboard  | Politician 1 WebSocket ACCEPTED
2026-01-14 15:22:12 | INFO     | connect_politician             | Politician 1 connected (Connections: 1)
2026-01-14 15:22:12 | INFO     | connect_politician             | All connected politicians: [1]
2026-01-14 15:22:12 | INFO     | politician_location_dashboard  | Fetching volunteers FOR POLITICIAN 1 ONLY...
2026-01-14 15:22:12 | INFO     | politician_location_dashboard  | Found 1 volunteer(s) for Politician 1
2026-01-14 15:22:12 | INFO     | politician_location_dashboard  |    - Volunteer 1: online
2026-01-14 15:22:12 | INFO     | politician_location_dashboard  | SENDING INITIAL STATE to Politician 1:
2026-01-14 15:22:12 | INFO     | politician_location_dashboard  |    - Total volunteers: 1
2026-01-14 15:22:12 | INFO     | politician_location_dashboard  |    - With recent locations: 1
2026-01-14 15:22:12 | INFO     | politician_location_dashboard  | Initial state sent successfully
2026-01-14 15:22:12 | INFO     | politician_location_dashboard  | Started periodic status check (every 30s)
2026-01-14 15:22:12 | INFO     | politician_location_dashboard  | Listening for messages from Politician 1...
2026-01-14 15:22:42 | DEBUG    | periodic_status_check          | Periodic status check for Politician 1
2026-01-14 15:22:42 | DEBUG    | periodic_status_check          | Status sync sent to Politician 1: 1 volunteers
2026-01-14 15:22:44 | INFO     | volunteer_location_stream      | ====================================================================================================
2026-01-14 15:22:44 | INFO     | volunteer_location_stream      | VOLUNTEER WEBSOCKET CONNECTION ATTEMPT
2026-01-14 15:22:44 | INFO     | volunteer_location_stream      | ====================================================================================================
2026-01-14 15:22:44 | INFO     | volunteer_location_stream      | Volunteer ID: 1
2026-01-14 15:22:44 | INFO     | volunteer_location_stream      | Timestamp: 2026-01-14T09:52:44.865955+00:00
2026-01-14 15:22:44 | INFO     | volunteer_location_stream      | Volunteer FOUND:
2026-01-14 15:22:44 | INFO     | volunteer_location_stream      |    - Volunteer ID: 1
2026-01-14 15:22:44 | INFO     | volunteer_location_stream      |    - Volunteer Name: imran
2026-01-14 15:22:44 | INFO     | volunteer_location_stream      |    - BELONGS TO POLITICIAN ID: 1
2026-01-14 15:22:44 | INFO     | volunteer_location_stream      | Politician Details:
2026-01-14 15:22:44 | INFO     | volunteer_location_stream      |    - Politician ID: 1
2026-01-14 15:22:44 | INFO     | volunteer_location_stream      |    - Politician Name: imran pasha
2026-01-14 15:22:44 | INFO     | volunteer_location_stream      | Volunteer 1 WebSocket ACCEPTED
2026-01-14 15:22:44 | INFO     | connect_volunteer              | Volunteer 1 connected (Total: 1)
2026-01-14 15:22:44 | INFO     | volunteer_location_stream      | BROADCASTING ONLINE STATUS:
2026-01-14 15:22:44 | INFO     | volunteer_location_stream      |    - FROM: Volunteer 1
2026-01-14 15:22:44 | INFO     | volunteer_location_stream      |    - TO: Politician 1 ONLY
2026-01-14 15:22:44 | INFO     | broadcast_location_to_politician | BROADCAST REQUEST:
2026-01-14 15:22:44 | INFO     | broadcast_location_to_politician |    - Target: Politician 1
2026-01-14 15:22:44 | INFO     | broadcast_location_to_politician |    - Volunteer: 1
2026-01-14 15:22:44 | INFO     | broadcast_location_to_politician |    - Status: online
2026-01-14 15:22:44 | INFO     | broadcast_location_to_politician |    - All connected politicians: [1]
2026-01-14 15:22:44 | INFO     | broadcast_location_to_politician | Broadcast complete: 1 sent to Politician 1
2026-01-14 15:22:44 | INFO     | volunteer_location_stream      | Listening for location updates from volunteer 1...
2026-01-14 15:22:45 | INFO     | volunteer_location_stream      | LOCATION UPDATE RECEIVED:
2026-01-14 15:22:45 | INFO     | volunteer_location_stream      |    - Volunteer ID: 1
2026-01-14 15:22:45 | INFO     | volunteer_location_stream      |    - Lat/Lng: (17.4255411, 78.4361501)
2026-01-14 15:22:45 | INFO     | volunteer_location_stream      | Location saved to database (ID: 42)
2026-01-14 15:22:45 | INFO     | volunteer_location_stream      | BROADCASTING to Politician 1 ONLY
2026-01-14 15:22:45 | INFO     | broadcast_location_to_politician | BROADCAST REQUEST:
2026-01-14 15:22:45 | INFO     | broadcast_location_to_politician |    - Target: Politician 1
2026-01-14 15:22:45 | INFO     | broadcast_location_to_politician |    - Volunteer: 1
2026-01-14 15:22:45 | INFO     | broadcast_location_to_politician |    - Status: online
2026-01-14 15:22:45 | INFO     | broadcast_location_to_politician |    - All connected politicians: [1]
2026-01-14 15:22:45 | INFO     | broadcast_location_to_politician | Broadcast complete: 1 sent to Politician 1
2026-01-14 15:22:45 | ERROR    | volunteer_location_stream      | Error processing location: 
2026-01-14 15:22:45 | ERROR    | volunteer_location_stream      | Traceback (most recent call last):
  File "D:\voter3\FastAPI\venv\Lib\site-packages\uvicorn\protocols\websockets\websockets_impl.py", line 329, in asgi_send
    await self.send(data)  # type: ignore[arg-type]
    ^^^^^^^^^^^^^^^^^^^^^
  File "D:\voter3\FastAPI\venv\Lib\site-packages\websockets\legacy\protocol.py", line 620, in send
    await self.ensure_open()
  File "D:\voter3\FastAPI\venv\Lib\site-packages\websockets\legacy\protocol.py", line 921, in ensure_open
    raise self.connection_closed_exc()
websockets.exceptions.ConnectionClosedOK: received 1000 (OK); then sent 1000 (OK)

The above exception was the direct cause of the following exception:

Traceback (most recent call last):
  File "D:\voter3\FastAPI\venv\Lib\site-packages\starlette\websockets.py", line 86, in send
    await self._send(message)
  File "D:\voter3\FastAPI\venv\Lib\site-packages\starlette\_exception_handler.py", line 39, in sender
    await send(message)
  File "D:\voter3\FastAPI\venv\Lib\site-packages\uvicorn\protocols\websockets\websockets_impl.py", line 342, in asgi_send
    raise ClientDisconnected from exc
uvicorn.protocols.utils.ClientDisconnected

During handling of the above exception, another exception occurred:

Traceback (most recent call last):
  File "D:\voter3\FastAPI\voter_backend_initial\app\api\V1\endpoints\location.py", line 318, in volunteer_location_stream
    await websocket.send_json({
    ...<2 lines>...
    })
  File "D:\voter3\FastAPI\venv\Lib\site-packages\starlette\websockets.py", line 176, in send_json
    await self.send({"type": "websocket.send", "text": text})
  File "D:\voter3\FastAPI\venv\Lib\site-packages\starlette\websockets.py", line 89, in send
    raise WebSocketDisconnect(code=1006)
starlette.websockets.WebSocketDisconnect

2026-01-14 15:22:45 | ERROR    | volunteer_location_stream      | CRITICAL ERROR in volunteer 1: WebSocket is not connected. Need to call "accept" first.
2026-01-14 15:22:45 | ERROR    | volunteer_location_stream      | Traceback (most recent call last):
  File "D:\voter3\FastAPI\voter_backend_initial\app\api\V1\endpoints\location.py", line 259, in volunteer_location_stream
    data = await websocket.receive_text()
           ^^^^^^^^^^^^^^^^^^^^^^^^^^^^^^
  File "D:\voter3\FastAPI\venv\Lib\site-packages\starlette\websockets.py", line 118, in receive_text
    raise RuntimeError('WebSocket is not connected. Need to call "accept" first.')
RuntimeError: WebSocket is not connected. Need to call "accept" first.

2026-01-14 15:22:45 | INFO     | volunteer_location_stream      | CLEANUP for volunteer 1
2026-01-14 15:22:45 | INFO     | disconnect_volunteer           | Volunteer 1 disconnected (Remaining: 0)
2026-01-14 15:22:46 | INFO     | volunteer_location_stream      | BROADCASTING OFFLINE to Politician 1
2026-01-14 15:22:46 | INFO     | broadcast_location_to_politician | BROADCAST REQUEST:
2026-01-14 15:22:46 | INFO     | broadcast_location_to_politician |    - Target: Politician 1
2026-01-14 15:22:46 | INFO     | broadcast_location_to_politician |    - Volunteer: 1
2026-01-14 15:22:46 | INFO     | broadcast_location_to_politician |    - Status: offline
2026-01-14 15:22:46 | INFO     | broadcast_location_to_politician |    - All connected politicians: [1]
2026-01-14 15:22:46 | INFO     | broadcast_location_to_politician | Broadcast complete: 1 sent to Politician 1
2026-01-14 15:22:46 | INFO     | volunteer_location_stream      | ====================================================================================================
2026-01-14 15:22:46 | INFO     | volunteer_location_stream      | VOLUNTEER 1 SESSION ENDED
2026-01-14 15:22:46 | INFO     | volunteer_location_stream      | ====================================================================================================
2026-01-14 15:22:49 | INFO     | politician_location_dashboard  | 
2026-01-14 15:22:49 | INFO     | politician_location_dashboard  | ====================================================================================================
2026-01-14 15:22:49 | INFO     | politician_location_dashboard  | POLITICIAN WEBSOCKET CONNECTION ATTEMPT
2026-01-14 15:22:49 | INFO     | politician_location_dashboard  | ====================================================================================================
2026-01-14 15:22:49 | INFO     | politician_location_dashboard  | Timestamp: 2026-01-14T09:52:49.199587+00:00
2026-01-14 15:22:49 | INFO     | politician_location_dashboard  | Politician FOUND:
2026-01-14 15:22:49 | INFO     | politician_location_dashboard  |    - POLITICIAN ID: 1
2026-01-14 15:22:49 | INFO     | politician_location_dashboard  |    - Email: imranpasha@gmil.com
2026-01-14 15:22:49 | INFO     | politician_location_dashboard  |    - Full Name: imran pasha
2026-01-14 15:22:49 | INFO     | politician_location_dashboard  | Politician 1 WebSocket ACCEPTED
2026-01-14 15:22:49 | INFO     | connect_politician             | Politician 1 connected (Connections: 2)
2026-01-14 15:22:49 | INFO     | connect_politician             | All connected politicians: [1]
2026-01-14 15:22:49 | INFO     | politician_location_dashboard  | Fetching volunteers FOR POLITICIAN 1 ONLY...
2026-01-14 15:22:49 | INFO     | politician_location_dashboard  | Found 1 volunteer(s) for Politician 1
2026-01-14 15:22:49 | INFO     | politician_location_dashboard  |    - Volunteer 1: online
2026-01-14 15:22:49 | INFO     | politician_location_dashboard  | SENDING INITIAL STATE to Politician 1:
2026-01-14 15:22:49 | INFO     | politician_location_dashboard  |    - Total volunteers: 1
2026-01-14 15:22:49 | INFO     | politician_location_dashboard  |    - With recent locations: 1
2026-01-14 15:22:49 | INFO     | politician_location_dashboard  | Initial state sent successfully
2026-01-14 15:22:49 | INFO     | politician_location_dashboard  | Started periodic status check (every 30s)
2026-01-14 15:22:49 | INFO     | politician_location_dashboard  | Listening for messages from Politician 1...
2026-01-14 15:22:55 | INFO     | politician_location_dashboard  | 
2026-01-14 15:22:55 | INFO     | politician_location_dashboard  | ====================================================================================================
2026-01-14 15:22:55 | INFO     | politician_location_dashboard  | POLITICIAN WEBSOCKET CONNECTION ATTEMPT
2026-01-14 15:22:55 | INFO     | politician_location_dashboard  | ====================================================================================================
2026-01-14 15:22:55 | INFO     | politician_location_dashboard  | Timestamp: 2026-01-14T09:52:55.726363+00:00
2026-01-14 15:22:55 | INFO     | politician_location_dashboard  | Politician FOUND:
2026-01-14 15:22:55 | INFO     | politician_location_dashboard  |    - POLITICIAN ID: 1
2026-01-14 15:22:55 | INFO     | politician_location_dashboard  |    - Email: imranpasha@gmil.com
2026-01-14 15:22:55 | INFO     | politician_location_dashboard  |    - Full Name: imran pasha
2026-01-14 15:22:55 | INFO     | politician_location_dashboard  | Politician 1 WebSocket ACCEPTED
2026-01-14 15:22:55 | INFO     | connect_politician             | Politician 1 connected (Connections: 3)
2026-01-14 15:22:55 | INFO     | connect_politician             | All connected politicians: [1]
2026-01-14 15:22:55 | INFO     | politician_location_dashboard  | Fetching volunteers FOR POLITICIAN 1 ONLY...
2026-01-14 15:22:55 | INFO     | politician_location_dashboard  | Found 1 volunteer(s) for Politician 1
2026-01-14 15:22:55 | INFO     | politician_location_dashboard  |    - Volunteer 1: online
2026-01-14 15:22:55 | INFO     | politician_location_dashboard  | SENDING INITIAL STATE to Politician 1:
2026-01-14 15:22:55 | INFO     | politician_location_dashboard  |    - Total volunteers: 1
2026-01-14 15:22:55 | INFO     | politician_location_dashboard  |    - With recent locations: 1
2026-01-14 15:22:55 | INFO     | politician_location_dashboard  | Initial state sent successfully
2026-01-14 15:22:55 | INFO     | politician_location_dashboard  | Started periodic status check (every 30s)
2026-01-14 15:22:55 | INFO     | politician_location_dashboard  | Listening for messages from Politician 1...
2026-01-14 15:22:57 | INFO     | politician_location_dashboard  | 
2026-01-14 15:22:57 | INFO     | politician_location_dashboard  | ====================================================================================================
2026-01-14 15:22:57 | INFO     | politician_location_dashboard  | POLITICIAN WEBSOCKET CONNECTION ATTEMPT
2026-01-14 15:22:57 | INFO     | politician_location_dashboard  | ====================================================================================================
2026-01-14 15:22:57 | INFO     | politician_location_dashboard  | Timestamp: 2026-01-14T09:52:57.247776+00:00
2026-01-14 15:22:57 | INFO     | politician_location_dashboard  | Politician FOUND:
2026-01-14 15:22:57 | INFO     | politician_location_dashboard  |    - POLITICIAN ID: 1
2026-01-14 15:22:57 | INFO     | politician_location_dashboard  |    - Email: imranpasha@gmil.com
2026-01-14 15:22:57 | INFO     | politician_location_dashboard  |    - Full Name: imran pasha
2026-01-14 15:22:57 | INFO     | politician_location_dashboard  | Politician 1 WebSocket ACCEPTED
2026-01-14 15:22:57 | INFO     | connect_politician             | Politician 1 connected (Connections: 4)
2026-01-14 15:22:57 | INFO     | connect_politician             | All connected politicians: [1]
2026-01-14 15:22:57 | INFO     | politician_location_dashboard  | Fetching volunteers FOR POLITICIAN 1 ONLY...
2026-01-14 15:22:57 | INFO     | politician_location_dashboard  | Found 1 volunteer(s) for Politician 1
2026-01-14 15:22:57 | INFO     | politician_location_dashboard  |    - Volunteer 1: online
2026-01-14 15:22:57 | INFO     | politician_location_dashboard  | SENDING INITIAL STATE to Politician 1:
2026-01-14 15:22:57 | INFO     | politician_location_dashboard  |    - Total volunteers: 1
2026-01-14 15:22:57 | INFO     | politician_location_dashboard  |    - With recent locations: 1
2026-01-14 15:22:57 | INFO     | politician_location_dashboard  | Initial state sent successfully
2026-01-14 15:22:57 | INFO     | politician_location_dashboard  | Started periodic status check (every 30s)
2026-01-14 15:22:57 | INFO     | politician_location_dashboard  | Listening for messages from Politician 1...
2026-01-14 15:22:58 | INFO     | politician_location_dashboard  | 
2026-01-14 15:22:58 | INFO     | politician_location_dashboard  | ====================================================================================================
2026-01-14 15:22:58 | INFO     | politician_location_dashboard  | POLITICIAN WEBSOCKET CONNECTION ATTEMPT
2026-01-14 15:22:58 | INFO     | politician_location_dashboard  | ====================================================================================================
2026-01-14 15:22:58 | INFO     | politician_location_dashboard  | Timestamp: 2026-01-14T09:52:58.165773+00:00
2026-01-14 15:22:58 | INFO     | politician_location_dashboard  | Politician FOUND:
2026-01-14 15:22:58 | INFO     | politician_location_dashboard  |    - POLITICIAN ID: 1
2026-01-14 15:22:58 | INFO     | politician_location_dashboard  |    - Email: imranpasha@gmil.com
2026-01-14 15:22:58 | INFO     | politician_location_dashboard  |    - Full Name: imran pasha
2026-01-14 15:22:58 | INFO     | politician_location_dashboard  | Politician 1 WebSocket ACCEPTED
2026-01-14 15:22:58 | INFO     | connect_politician             | Politician 1 connected (Connections: 5)
2026-01-14 15:22:58 | INFO     | connect_politician             | All connected politicians: [1]
2026-01-14 15:22:58 | INFO     | politician_location_dashboard  | Fetching volunteers FOR POLITICIAN 1 ONLY...
2026-01-14 15:22:58 | INFO     | politician_location_dashboard  | Found 1 volunteer(s) for Politician 1
2026-01-14 15:22:58 | INFO     | politician_location_dashboard  |    - Volunteer 1: online
2026-01-14 15:22:58 | INFO     | politician_location_dashboard  | SENDING INITIAL STATE to Politician 1:
2026-01-14 15:22:58 | INFO     | politician_location_dashboard  |    - Total volunteers: 1
2026-01-14 15:22:58 | INFO     | politician_location_dashboard  |    - With recent locations: 1
2026-01-14 15:22:58 | INFO     | politician_location_dashboard  | Initial state sent successfully
2026-01-14 15:22:58 | INFO     | politician_location_dashboard  | Started periodic status check (every 30s)
2026-01-14 15:22:58 | INFO     | politician_location_dashboard  | Listening for messages from Politician 1...
2026-01-14 15:22:58 | INFO     | politician_location_dashboard  | 
2026-01-14 15:22:58 | INFO     | politician_location_dashboard  | ====================================================================================================
2026-01-14 15:22:58 | INFO     | politician_location_dashboard  | POLITICIAN WEBSOCKET CONNECTION ATTEMPT
2026-01-14 15:22:58 | INFO     | politician_location_dashboard  | ====================================================================================================
2026-01-14 15:22:58 | INFO     | politician_location_dashboard  | Timestamp: 2026-01-14T09:52:58.990819+00:00
2026-01-14 15:22:59 | INFO     | politician_location_dashboard  | Politician FOUND:
2026-01-14 15:22:59 | INFO     | politician_location_dashboard  |    - POLITICIAN ID: 1
2026-01-14 15:22:59 | INFO     | politician_location_dashboard  |    - Email: imranpasha@gmil.com
2026-01-14 15:22:59 | INFO     | politician_location_dashboard  |    - Full Name: imran pasha
2026-01-14 15:22:59 | INFO     | politician_location_dashboard  | Politician 1 WebSocket ACCEPTED
2026-01-14 15:22:59 | INFO     | connect_politician             | Politician 1 connected (Connections: 6)
2026-01-14 15:22:59 | INFO     | connect_politician             | All connected politicians: [1]
2026-01-14 15:22:59 | INFO     | politician_location_dashboard  | Fetching volunteers FOR POLITICIAN 1 ONLY...
2026-01-14 15:22:59 | INFO     | politician_location_dashboard  | Found 1 volunteer(s) for Politician 1
2026-01-14 15:22:59 | INFO     | politician_location_dashboard  |    - Volunteer 1: online
2026-01-14 15:22:59 | INFO     | politician_location_dashboard  | SENDING INITIAL STATE to Politician 1:
2026-01-14 15:22:59 | INFO     | politician_location_dashboard  |    - Total volunteers: 1
2026-01-14 15:22:59 | INFO     | politician_location_dashboard  |    - With recent locations: 1
2026-01-14 15:22:59 | INFO     | politician_location_dashboard  | Initial state sent successfully
2026-01-14 15:22:59 | INFO     | politician_location_dashboard  | Started periodic status check (every 30s)
2026-01-14 15:22:59 | INFO     | politician_location_dashboard  | Listening for messages from Politician 1...
2026-01-14 15:23:00 | INFO     | politician_location_dashboard  | 
2026-01-14 15:23:00 | INFO     | politician_location_dashboard  | ====================================================================================================
2026-01-14 15:23:00 | INFO     | politician_location_dashboard  | POLITICIAN WEBSOCKET CONNECTION ATTEMPT
2026-01-14 15:23:00 | INFO     | politician_location_dashboard  | ====================================================================================================
2026-01-14 15:23:00 | INFO     | politician_location_dashboard  | Timestamp: 2026-01-14T09:53:00.630007+00:00
2026-01-14 15:23:00 | INFO     | politician_location_dashboard  | Politician FOUND:
2026-01-14 15:23:00 | INFO     | politician_location_dashboard  |    - POLITICIAN ID: 1
2026-01-14 15:23:00 | INFO     | politician_location_dashboard  |    - Email: imranpasha@gmil.com
2026-01-14 15:23:00 | INFO     | politician_location_dashboard  |    - Full Name: imran pasha
2026-01-14 15:23:00 | INFO     | politician_location_dashboard  | Politician 1 WebSocket ACCEPTED
2026-01-14 15:23:00 | INFO     | connect_politician             | Politician 1 connected (Connections: 7)
2026-01-14 15:23:00 | INFO     | connect_politician             | All connected politicians: [1]
2026-01-14 15:23:00 | INFO     | politician_location_dashboard  | Fetching volunteers FOR POLITICIAN 1 ONLY...
2026-01-14 15:23:00 | INFO     | politician_location_dashboard  | Found 1 volunteer(s) for Politician 1
2026-01-14 15:23:00 | INFO     | politician_location_dashboard  |    - Volunteer 1: online
2026-01-14 15:23:00 | INFO     | politician_location_dashboard  | SENDING INITIAL STATE to Politician 1:
2026-01-14 15:23:00 | INFO     | politician_location_dashboard  |    - Total volunteers: 1
2026-01-14 15:23:00 | INFO     | politician_location_dashboard  |    - With recent locations: 1
2026-01-14 15:23:00 | INFO     | politician_location_dashboard  | Initial state sent successfully
2026-01-14 15:23:00 | INFO     | politician_location_dashboard  | Started periodic status check (every 30s)
2026-01-14 15:23:00 | INFO     | politician_location_dashboard  | Listening for messages from Politician 1...
2026-01-14 15:23:12 | DEBUG    | periodic_status_check          | Periodic status check for Politician 1
2026-01-14 15:23:12 | DEBUG    | periodic_status_check          | Status sync sent to Politician 1: 1 volunteers
2026-01-14 15:23:19 | DEBUG    | periodic_status_check          | Periodic status check for Politician 1
2026-01-14 15:23:19 | DEBUG    | periodic_status_check          | Status sync sent to Politician 1: 1 volunteers
2026-01-14 15:23:25 | DEBUG    | periodic_status_check          | Periodic status check for Politician 1
2026-01-14 15:23:25 | DEBUG    | periodic_status_check          | Status sync sent to Politician 1: 1 volunteers
2026-01-14 15:23:27 | DEBUG    | periodic_status_check          | Periodic status check for Politician 1
2026-01-14 15:23:27 | DEBUG    | periodic_status_check          | Status sync sent to Politician 1: 1 volunteers
2026-01-14 15:23:28 | DEBUG    | periodic_status_check          | Periodic status check for Politician 1
2026-01-14 15:23:28 | DEBUG    | periodic_status_check          | Status sync sent to Politician 1: 1 volunteers
2026-01-14 15:23:29 | DEBUG    | periodic_status_check          | Periodic status check for Politician 1
2026-01-14 15:23:29 | DEBUG    | periodic_status_check          | Status sync sent to Politician 1: 1 volunteers
2026-01-14 15:23:30 | DEBUG    | periodic_status_check          | Periodic status check for Politician 1
2026-01-14 15:23:30 | DEBUG    | periodic_status_check          | Status sync sent to Politician 1: 1 volunteers
2026-01-14 15:23:42 | DEBUG    | periodic_status_check          | Periodic status check for Politician 1
2026-01-14 15:23:42 | DEBUG    | periodic_status_check          | Status sync sent to Politician 1: 1 volunteers
2026-01-14 15:23:49 | DEBUG    | periodic_status_check          | Periodic status check for Politician 1
2026-01-14 15:23:49 | DEBUG    | periodic_status_check          | Status sync sent to Politician 1: 1 volunteers
2026-01-14 15:23:55 | DEBUG    | periodic_status_check          | Periodic status check for Politician 1
2026-01-14 15:23:55 | DEBUG    | periodic_status_check          | Status sync sent to Politician 1: 1 volunteers
2026-01-14 15:23:57 | DEBUG    | periodic_status_check          | Periodic status check for Politician 1
2026-01-14 15:23:57 | DEBUG    | periodic_status_check          | Status sync sent to Politician 1: 1 volunteers
2026-01-14 15:23:58 | DEBUG    | periodic_status_check          | Periodic status check for Politician 1
2026-01-14 15:23:58 | DEBUG    | periodic_status_check          | Status sync sent to Politician 1: 1 volunteers
2026-01-14 15:23:59 | DEBUG    | periodic_status_check          | Periodic status check for Politician 1
2026-01-14 15:23:59 | DEBUG    | periodic_status_check          | Status sync sent to Politician 1: 1 volunteers
2026-01-14 15:24:00 | DEBUG    | periodic_status_check          | Periodic status check for Politician 1
2026-01-14 15:24:00 | DEBUG    | periodic_status_check          | Status sync sent to Politician 1: 1 volunteers
2026-01-14 15:24:12 | DEBUG    | periodic_status_check          | Periodic status check for Politician 1
2026-01-14 15:24:12 | DEBUG    | periodic_status_check          | Status sync sent to Politician 1: 1 volunteers
2026-01-14 15:24:19 | DEBUG    | periodic_status_check          | Periodic status check for Politician 1
2026-01-14 15:24:19 | DEBUG    | periodic_status_check          | Status sync sent to Politician 1: 1 volunteers
2026-01-14 15:24:25 | DEBUG    | periodic_status_check          | Periodic status check for Politician 1
2026-01-14 15:24:25 | DEBUG    | periodic_status_check          | Status sync sent to Politician 1: 1 volunteers
2026-01-14 15:24:27 | DEBUG    | periodic_status_check          | Periodic status check for Politician 1
2026-01-14 15:24:27 | DEBUG    | periodic_status_check          | Status sync sent to Politician 1: 1 volunteers
2026-01-14 15:24:28 | DEBUG    | periodic_status_check          | Periodic status check for Politician 1
2026-01-14 15:24:28 | DEBUG    | periodic_status_check          | Status sync sent to Politician 1: 1 volunteers
2026-01-14 15:24:29 | DEBUG    | periodic_status_check          | Periodic status check for Politician 1
2026-01-14 15:24:29 | DEBUG    | periodic_status_check          | Status sync sent to Politician 1: 1 volunteers
2026-01-14 15:24:30 | DEBUG    | periodic_status_check          | Periodic status check for Politician 1
2026-01-14 15:24:30 | DEBUG    | periodic_status_check          | Status sync sent to Politician 1: 1 volunteers
2026-01-14 15:24:42 | DEBUG    | periodic_status_check          | Periodic status check for Politician 1
2026-01-14 15:24:42 | DEBUG    | periodic_status_check          | Status sync sent to Politician 1: 1 volunteers
2026-01-14 15:24:49 | DEBUG    | periodic_status_check          | Periodic status check for Politician 1
2026-01-14 15:24:49 | DEBUG    | periodic_status_check          | Status sync sent to Politician 1: 1 volunteers
2026-01-14 15:24:55 | DEBUG    | periodic_status_check          | Periodic status check for Politician 1
2026-01-14 15:24:55 | DEBUG    | periodic_status_check          | Status sync sent to Politician 1: 1 volunteers
2026-01-14 15:24:57 | DEBUG    | periodic_status_check          | Periodic status check for Politician 1
2026-01-14 15:24:57 | DEBUG    | periodic_status_check          | Status sync sent to Politician 1: 1 volunteers
2026-01-14 15:24:58 | DEBUG    | periodic_status_check          | Periodic status check for Politician 1
2026-01-14 15:24:58 | DEBUG    | periodic_status_check          | Status sync sent to Politician 1: 1 volunteers
2026-01-14 15:24:59 | DEBUG    | periodic_status_check          | Periodic status check for Politician 1
2026-01-14 15:24:59 | DEBUG    | periodic_status_check          | Status sync sent to Politician 1: 1 volunteers
2026-01-14 15:25:00 | DEBUG    | periodic_status_check          | Periodic status check for Politician 1
2026-01-14 15:25:00 | DEBUG    | periodic_status_check          | Status sync sent to Politician 1: 1 volunteers
2026-01-14 15:25:12 | DEBUG    | periodic_status_check          | Periodic status check for Politician 1
2026-01-14 15:25:12 | DEBUG    | periodic_status_check          | Status sync sent to Politician 1: 1 volunteers
2026-01-14 15:25:19 | DEBUG    | periodic_status_check          | Periodic status check for Politician 1
2026-01-14 15:25:19 | DEBUG    | periodic_status_check          | Status sync sent to Politician 1: 1 volunteers
2026-01-14 15:25:25 | DEBUG    | periodic_status_check          | Periodic status check for Politician 1
2026-01-14 15:25:25 | DEBUG    | periodic_status_check          | Status sync sent to Politician 1: 1 volunteers
2026-01-14 15:25:27 | DEBUG    | periodic_status_check          | Periodic status check for Politician 1
2026-01-14 15:25:27 | DEBUG    | periodic_status_check          | Status sync sent to Politician 1: 1 volunteers
2026-01-14 15:25:28 | DEBUG    | periodic_status_check          | Periodic status check for Politician 1
2026-01-14 15:25:28 | DEBUG    | periodic_status_check          | Status sync sent to Politician 1: 1 volunteers
2026-01-14 15:25:29 | DEBUG    | periodic_status_check          | Periodic status check for Politician 1
2026-01-14 15:25:29 | DEBUG    | periodic_status_check          | Status sync sent to Politician 1: 1 volunteers
2026-01-14 15:25:30 | DEBUG    | periodic_status_check          | Periodic status check for Politician 1
2026-01-14 15:25:30 | DEBUG    | periodic_status_check          | Status sync sent to Politician 1: 1 volunteers
2026-01-14 15:25:42 | DEBUG    | periodic_status_check          | Periodic status check for Politician 1
2026-01-14 15:25:42 | DEBUG    | periodic_status_check          | Status sync sent to Politician 1: 1 volunteers
2026-01-14 15:25:49 | DEBUG    | periodic_status_check          | Periodic status check for Politician 1
2026-01-14 15:25:49 | DEBUG    | periodic_status_check          | Status sync sent to Politician 1: 1 volunteers
2026-01-14 15:25:55 | DEBUG    | periodic_status_check          | Periodic status check for Politician 1
2026-01-14 15:25:55 | DEBUG    | periodic_status_check          | Status sync sent to Politician 1: 1 volunteers
2026-01-14 15:25:57 | DEBUG    | periodic_status_check          | Periodic status check for Politician 1
2026-01-14 15:25:57 | DEBUG    | periodic_status_check          | Status sync sent to Politician 1: 1 volunteers
2026-01-14 15:25:58 | DEBUG    | periodic_status_check          | Periodic status check for Politician 1
2026-01-14 15:25:58 | DEBUG    | periodic_status_check          | Status sync sent to Politician 1: 1 volunteers
2026-01-14 15:25:59 | DEBUG    | periodic_status_check          | Periodic status check for Politician 1
2026-01-14 15:25:59 | DEBUG    | periodic_status_check          | Status sync sent to Politician 1: 1 volunteers
2026-01-14 15:26:00 | DEBUG    | periodic_status_check          | Periodic status check for Politician 1
2026-01-14 15:26:00 | DEBUG    | periodic_status_check          | Status sync sent to Politician 1: 1 volunteers
2026-01-14 15:26:12 | DEBUG    | periodic_status_check          | Periodic status check for Politician 1
2026-01-14 15:26:12 | DEBUG    | periodic_status_check          | Status sync sent to Politician 1: 1 volunteers
2026-01-14 15:26:19 | DEBUG    | periodic_status_check          | Periodic status check for Politician 1
2026-01-14 15:26:19 | DEBUG    | periodic_status_check          | Status sync sent to Politician 1: 1 volunteers
2026-01-14 15:26:25 | DEBUG    | periodic_status_check          | Periodic status check for Politician 1
2026-01-14 15:26:25 | DEBUG    | periodic_status_check          | Status sync sent to Politician 1: 1 volunteers
2026-01-14 15:26:27 | DEBUG    | periodic_status_check          | Periodic status check for Politician 1
2026-01-14 15:26:27 | DEBUG    | periodic_status_check          | Status sync sent to Politician 1: 1 volunteers
2026-01-14 15:26:28 | DEBUG    | periodic_status_check          | Periodic status check for Politician 1
2026-01-14 15:26:28 | DEBUG    | periodic_status_check          | Status sync sent to Politician 1: 1 volunteers
2026-01-14 15:26:29 | DEBUG    | periodic_status_check          | Periodic status check for Politician 1
2026-01-14 15:26:29 | DEBUG    | periodic_status_check          | Status sync sent to Politician 1: 1 volunteers
2026-01-14 15:26:30 | DEBUG    | periodic_status_check          | Periodic status check for Politician 1
2026-01-14 15:26:30 | DEBUG    | periodic_status_check          | Status sync sent to Politician 1: 1 volunteers
2026-01-14 15:26:39 | INFO     | politician_location_dashboard  | Politician 1 disconnected gracefully
2026-01-14 15:26:39 | INFO     | periodic_status_check          | Status check task cancelled for Politician 1
2026-01-14 15:26:39 | INFO     | disconnect_politician          | Politician 1 one connection closed (Remaining: 6)
2026-01-14 15:26:39 | INFO     | politician_location_dashboard  | Cleanup complete for politician 1
2026-01-14 15:26:39 | INFO     | politician_location_dashboard  | ====================================================================================================
2026-01-14 15:26:39 | INFO     | politician_location_dashboard  | POLITICIAN 1 SESSION ENDED
2026-01-14 15:26:39 | INFO     | politician_location_dashboard  | ====================================================================================================
2026-01-14 15:26:39 | INFO     | politician_location_dashboard  | Politician 1 disconnected gracefully
2026-01-14 15:26:39 | INFO     | periodic_status_check          | Status check task cancelled for Politician 1
2026-01-14 15:26:39 | INFO     | disconnect_politician          | Politician 1 one connection closed (Remaining: 5)
2026-01-14 15:26:39 | INFO     | politician_location_dashboard  | Cleanup complete for politician 1
2026-01-14 15:26:39 | INFO     | politician_location_dashboard  | ====================================================================================================
2026-01-14 15:26:39 | INFO     | politician_location_dashboard  | POLITICIAN 1 SESSION ENDED
2026-01-14 15:26:39 | INFO     | politician_location_dashboard  | ====================================================================================================
2026-01-14 15:26:39 | INFO     | politician_location_dashboard  | Politician 1 disconnected gracefully
2026-01-14 15:26:39 | INFO     | periodic_status_check          | Status check task cancelled for Politician 1
2026-01-14 15:26:39 | INFO     | disconnect_politician          | Politician 1 one connection closed (Remaining: 4)
2026-01-14 15:26:39 | INFO     | politician_location_dashboard  | Cleanup complete for politician 1
2026-01-14 15:26:39 | INFO     | politician_location_dashboard  | ====================================================================================================
2026-01-14 15:26:39 | INFO     | politician_location_dashboard  | POLITICIAN 1 SESSION ENDED
2026-01-14 15:26:39 | INFO     | politician_location_dashboard  | ====================================================================================================
2026-01-14 15:26:39 | INFO     | politician_location_dashboard  | Politician 1 disconnected gracefully
2026-01-14 15:26:39 | INFO     | periodic_status_check          | Status check task cancelled for Politician 1
2026-01-14 15:26:39 | INFO     | disconnect_politician          | Politician 1 one connection closed (Remaining: 3)
2026-01-14 15:26:39 | INFO     | politician_location_dashboard  | Cleanup complete for politician 1
2026-01-14 15:26:39 | INFO     | politician_location_dashboard  | ====================================================================================================
2026-01-14 15:26:39 | INFO     | politician_location_dashboard  | POLITICIAN 1 SESSION ENDED
2026-01-14 15:26:39 | INFO     | politician_location_dashboard  | ====================================================================================================
2026-01-14 15:26:39 | INFO     | politician_location_dashboard  | Politician 1 disconnected gracefully
2026-01-14 15:26:39 | INFO     | periodic_status_check          | Status check task cancelled for Politician 1
2026-01-14 15:26:39 | INFO     | disconnect_politician          | Politician 1 one connection closed (Remaining: 2)
2026-01-14 15:26:39 | INFO     | politician_location_dashboard  | Cleanup complete for politician 1
2026-01-14 15:26:39 | INFO     | politician_location_dashboard  | ====================================================================================================
2026-01-14 15:26:39 | INFO     | politician_location_dashboard  | POLITICIAN 1 SESSION ENDED
2026-01-14 15:26:39 | INFO     | politician_location_dashboard  | ====================================================================================================
2026-01-14 15:26:39 | INFO     | politician_location_dashboard  | Politician 1 disconnected gracefully
2026-01-14 15:26:39 | INFO     | periodic_status_check          | Status check task cancelled for Politician 1
2026-01-14 15:26:39 | INFO     | disconnect_politician          | Politician 1 one connection closed (Remaining: 1)
2026-01-14 15:26:39 | INFO     | politician_location_dashboard  | Cleanup complete for politician 1
2026-01-14 15:26:39 | INFO     | politician_location_dashboard  | ====================================================================================================
2026-01-14 15:26:39 | INFO     | politician_location_dashboard  | POLITICIAN 1 SESSION ENDED
2026-01-14 15:26:39 | INFO     | politician_location_dashboard  | ====================================================================================================
2026-01-14 15:26:39 | INFO     | politician_location_dashboard  | Politician 1 disconnected gracefully
2026-01-14 15:26:39 | INFO     | periodic_status_check          | Status check task cancelled for Politician 1
2026-01-14 15:26:39 | INFO     | disconnect_politician          | Politician 1 fully disconnected
2026-01-14 15:26:39 | INFO     | politician_location_dashboard  | Cleanup complete for politician 1
2026-01-14 15:26:39 | INFO     | politician_location_dashboard  | ====================================================================================================
2026-01-14 15:26:39 | INFO     | politician_location_dashboard  | POLITICIAN 1 SESSION ENDED
2026-01-14 15:26:39 | INFO     | politician_location_dashboard  | ====================================================================================================
2026-01-14 15:27:29 | INFO     | politician_location_dashboard  | 
2026-01-14 15:27:29 | INFO     | politician_location_dashboard  | ====================================================================================================
2026-01-14 15:27:29 | INFO     | politician_location_dashboard  | POLITICIAN WEBSOCKET CONNECTION ATTEMPT
2026-01-14 15:27:29 | INFO     | politician_location_dashboard  | ====================================================================================================
2026-01-14 15:27:29 | INFO     | politician_location_dashboard  | Timestamp: 2026-01-14T09:57:29.912703+00:00
2026-01-14 15:27:29 | INFO     | politician_location_dashboard  | Politician FOUND:
2026-01-14 15:27:29 | INFO     | politician_location_dashboard  |    - POLITICIAN ID: 1
2026-01-14 15:27:29 | INFO     | politician_location_dashboard  |    - Email: imranpasha@gmil.com
2026-01-14 15:27:29 | INFO     | politician_location_dashboard  |    - Full Name: imran pasha
2026-01-14 15:27:29 | INFO     | politician_location_dashboard  | Politician 1 WebSocket ACCEPTED
2026-01-14 15:27:29 | INFO     | connect_politician             | Politician 1 connected (Connections: 1)
2026-01-14 15:27:29 | INFO     | connect_politician             | All connected politicians: [1]
2026-01-14 15:27:29 | INFO     | politician_location_dashboard  | Fetching volunteers FOR POLITICIAN 1 ONLY...
2026-01-14 15:27:29 | INFO     | politician_location_dashboard  | Found 1 volunteer(s) for Politician 1
2026-01-14 15:27:29 | INFO     | politician_location_dashboard  |    - Volunteer 1: stale
2026-01-14 15:27:29 | INFO     | politician_location_dashboard  | SENDING INITIAL STATE to Politician 1:
2026-01-14 15:27:29 | INFO     | politician_location_dashboard  |    - Total volunteers: 1
2026-01-14 15:27:29 | INFO     | politician_location_dashboard  |    - With recent locations: 1
2026-01-14 15:27:29 | INFO     | politician_location_dashboard  | Initial state sent successfully
2026-01-14 15:27:29 | INFO     | politician_location_dashboard  | Started periodic status check (every 30s)
2026-01-14 15:27:29 | INFO     | politician_location_dashboard  | Listening for messages from Politician 1...
2026-01-14 15:27:33 | INFO     | politician_location_dashboard  | Manual refresh requested by Politician 1
2026-01-14 15:27:37 | INFO     | politician_location_dashboard  | Manual refresh requested by Politician 1
2026-01-14 15:27:41 | INFO     | politician_location_dashboard  | Manual refresh requested by Politician 1
2026-01-14 15:27:45 | INFO     | volunteer_location_stream      | ====================================================================================================
2026-01-14 15:27:45 | INFO     | volunteer_location_stream      | VOLUNTEER WEBSOCKET CONNECTION ATTEMPT
2026-01-14 15:27:45 | INFO     | volunteer_location_stream      | ====================================================================================================
2026-01-14 15:27:45 | INFO     | volunteer_location_stream      | Volunteer ID: 1
2026-01-14 15:27:45 | INFO     | volunteer_location_stream      | Timestamp: 2026-01-14T09:57:45.239176+00:00
2026-01-14 15:27:45 | INFO     | volunteer_location_stream      | Volunteer FOUND:
2026-01-14 15:27:45 | INFO     | volunteer_location_stream      |    - Volunteer ID: 1
2026-01-14 15:27:45 | INFO     | volunteer_location_stream      |    - Volunteer Name: imran
2026-01-14 15:27:45 | INFO     | volunteer_location_stream      |    - BELONGS TO POLITICIAN ID: 1
2026-01-14 15:27:45 | INFO     | volunteer_location_stream      | Politician Details:
2026-01-14 15:27:45 | INFO     | volunteer_location_stream      |    - Politician ID: 1
2026-01-14 15:27:45 | INFO     | volunteer_location_stream      |    - Politician Name: imran pasha
2026-01-14 15:27:45 | INFO     | volunteer_location_stream      | Volunteer 1 WebSocket ACCEPTED
2026-01-14 15:27:45 | INFO     | connect_volunteer              | Volunteer 1 connected (Total: 1)
2026-01-14 15:27:45 | INFO     | volunteer_location_stream      | BROADCASTING ONLINE STATUS:
2026-01-14 15:27:45 | INFO     | volunteer_location_stream      |    - FROM: Volunteer 1
2026-01-14 15:27:45 | INFO     | volunteer_location_stream      |    - TO: Politician 1 ONLY
2026-01-14 15:27:45 | INFO     | broadcast_location_to_politician | BROADCAST REQUEST:
2026-01-14 15:27:45 | INFO     | broadcast_location_to_politician |    - Target: Politician 1
2026-01-14 15:27:45 | INFO     | broadcast_location_to_politician |    - Volunteer: 1
2026-01-14 15:27:45 | INFO     | broadcast_location_to_politician |    - Status: online
2026-01-14 15:27:45 | INFO     | broadcast_location_to_politician |    - All connected politicians: [1]
2026-01-14 15:27:45 | INFO     | broadcast_location_to_politician | Broadcast complete: 1 sent to Politician 1
2026-01-14 15:27:45 | INFO     | volunteer_location_stream      | Listening for location updates from volunteer 1...
2026-01-14 15:27:46 | INFO     | volunteer_location_stream      | LOCATION UPDATE RECEIVED:
2026-01-14 15:27:46 | INFO     | volunteer_location_stream      |    - Volunteer ID: 1
2026-01-14 15:27:46 | INFO     | volunteer_location_stream      |    - Lat/Lng: (17.4255347, 78.4361468)
2026-01-14 15:27:46 | INFO     | volunteer_location_stream      | Location saved to database (ID: 43)
2026-01-14 15:27:46 | INFO     | volunteer_location_stream      | BROADCASTING to Politician 1 ONLY
2026-01-14 15:27:46 | INFO     | broadcast_location_to_politician | BROADCAST REQUEST:
2026-01-14 15:27:46 | INFO     | broadcast_location_to_politician |    - Target: Politician 1
2026-01-14 15:27:46 | INFO     | broadcast_location_to_politician |    - Volunteer: 1
2026-01-14 15:27:46 | INFO     | broadcast_location_to_politician |    - Status: online
2026-01-14 15:27:46 | INFO     | broadcast_location_to_politician |    - All connected politicians: [1]
2026-01-14 15:27:46 | INFO     | broadcast_location_to_politician | Broadcast complete: 1 sent to Politician 1
2026-01-14 15:27:46 | INFO     | volunteer_location_stream      | Volunteer 1 WebSocket DISCONNECTED
2026-01-14 15:27:46 | INFO     | volunteer_location_stream      | CLEANUP for volunteer 1
2026-01-14 15:27:46 | INFO     | disconnect_volunteer           | Volunteer 1 disconnected (Remaining: 0)
2026-01-14 15:27:46 | INFO     | volunteer_location_stream      | BROADCASTING OFFLINE to Politician 1
2026-01-14 15:27:46 | INFO     | broadcast_location_to_politician | BROADCAST REQUEST:
2026-01-14 15:27:46 | INFO     | broadcast_location_to_politician |    - Target: Politician 1
2026-01-14 15:27:46 | INFO     | broadcast_location_to_politician |    - Volunteer: 1
2026-01-14 15:27:46 | INFO     | broadcast_location_to_politician |    - Status: offline
2026-01-14 15:27:46 | INFO     | broadcast_location_to_politician |    - All connected politicians: [1]
2026-01-14 15:27:46 | INFO     | broadcast_location_to_politician | Broadcast complete: 1 sent to Politician 1
2026-01-14 15:27:46 | INFO     | volunteer_location_stream      | ====================================================================================================
2026-01-14 15:27:46 | INFO     | volunteer_location_stream      | VOLUNTEER 1 SESSION ENDED
2026-01-14 15:27:46 | INFO     | volunteer_location_stream      | ====================================================================================================
2026-01-14 15:27:50 | INFO     | politician_location_dashboard  | Manual refresh requested by Politician 1
2026-01-14 15:27:52 | INFO     | politician_location_dashboard  | Manual refresh requested by Politician 1
2026-01-14 15:27:55 | INFO     | politician_location_dashboard  | Manual refresh requested by Politician 1
2026-01-14 15:27:58 | INFO     | politician_location_dashboard  | 
2026-01-14 15:27:58 | INFO     | politician_location_dashboard  | ====================================================================================================
2026-01-14 15:27:58 | INFO     | politician_location_dashboard  | POLITICIAN WEBSOCKET CONNECTION ATTEMPT
2026-01-14 15:27:58 | INFO     | politician_location_dashboard  | ====================================================================================================
2026-01-14 15:27:58 | INFO     | politician_location_dashboard  | Timestamp: 2026-01-14T09:57:58.961437+00:00
2026-01-14 15:27:58 | INFO     | politician_location_dashboard  | Politician FOUND:
2026-01-14 15:27:58 | INFO     | politician_location_dashboard  |    - POLITICIAN ID: 1
2026-01-14 15:27:58 | INFO     | politician_location_dashboard  |    - Email: imranpasha@gmil.com
2026-01-14 15:27:58 | INFO     | politician_location_dashboard  |    - Full Name: imran pasha
2026-01-14 15:27:58 | INFO     | politician_location_dashboard  | Politician 1 WebSocket ACCEPTED
2026-01-14 15:27:58 | INFO     | connect_politician             | Politician 1 connected (Connections: 2)
2026-01-14 15:27:58 | INFO     | connect_politician             | All connected politicians: [1]
2026-01-14 15:27:58 | INFO     | politician_location_dashboard  | Fetching volunteers FOR POLITICIAN 1 ONLY...
2026-01-14 15:27:58 | INFO     | politician_location_dashboard  | Found 1 volunteer(s) for Politician 1
2026-01-14 15:27:58 | INFO     | politician_location_dashboard  |    - Volunteer 1: online
2026-01-14 15:27:58 | INFO     | politician_location_dashboard  | SENDING INITIAL STATE to Politician 1:
2026-01-14 15:27:58 | INFO     | politician_location_dashboard  |    - Total volunteers: 1
2026-01-14 15:27:58 | INFO     | politician_location_dashboard  |    - With recent locations: 1
2026-01-14 15:27:58 | INFO     | politician_location_dashboard  | Initial state sent successfully
2026-01-14 15:27:58 | INFO     | politician_location_dashboard  | Started periodic status check (every 30s)
2026-01-14 15:27:58 | INFO     | politician_location_dashboard  | Listening for messages from Politician 1...
2026-01-14 15:27:59 | DEBUG    | periodic_status_check          | Periodic status check for Politician 1
2026-01-14 15:27:59 | DEBUG    | periodic_status_check          | Status sync sent to Politician 1: 1 volunteers
2026-01-14 15:28:28 | DEBUG    | periodic_status_check          | Periodic status check for Politician 1
2026-01-14 15:28:28 | DEBUG    | periodic_status_check          | Status sync sent to Politician 1: 1 volunteers
2026-01-14 15:28:29 | DEBUG    | periodic_status_check          | Periodic status check for Politician 1
2026-01-14 15:28:29 | DEBUG    | periodic_status_check          | Status sync sent to Politician 1: 1 volunteers
2026-01-14 15:28:50 | INFO     | politician_location_dashboard  | 
2026-01-14 15:28:50 | INFO     | politician_location_dashboard  | ====================================================================================================
2026-01-14 15:28:50 | INFO     | politician_location_dashboard  | POLITICIAN WEBSOCKET CONNECTION ATTEMPT
2026-01-14 15:28:50 | INFO     | politician_location_dashboard  | ====================================================================================================
2026-01-14 15:28:50 | INFO     | politician_location_dashboard  | Timestamp: 2026-01-14T09:58:50.510680+00:00
2026-01-14 15:28:50 | INFO     | politician_location_dashboard  | Politician FOUND:
2026-01-14 15:28:50 | INFO     | politician_location_dashboard  |    - POLITICIAN ID: 2
2026-01-14 15:28:50 | INFO     | politician_location_dashboard  |    - Email: playstore@gmail.com
2026-01-14 15:28:50 | INFO     | politician_location_dashboard  |    - Full Name: Play store
2026-01-14 15:28:50 | INFO     | politician_location_dashboard  | Politician 2 WebSocket ACCEPTED
2026-01-14 15:28:50 | INFO     | connect_politician             | Politician 2 connected (Connections: 1)
2026-01-14 15:28:50 | INFO     | connect_politician             | All connected politicians: [1, 2]
2026-01-14 15:28:50 | INFO     | politician_location_dashboard  | Fetching volunteers FOR POLITICIAN 2 ONLY...
2026-01-14 15:28:50 | INFO     | politician_location_dashboard  | Found 1 volunteer(s) for Politician 2
2026-01-14 15:28:50 | INFO     | politician_location_dashboard  |    - Volunteer 2: offline
2026-01-14 15:28:50 | INFO     | politician_location_dashboard  | SENDING INITIAL STATE to Politician 2:
2026-01-14 15:28:50 | INFO     | politician_location_dashboard  |    - Total volunteers: 1
2026-01-14 15:28:50 | INFO     | politician_location_dashboard  |    - With recent locations: 0
2026-01-14 15:28:50 | INFO     | politician_location_dashboard  | Initial state sent successfully
2026-01-14 15:28:50 | INFO     | politician_location_dashboard  | Started periodic status check (every 30s)
2026-01-14 15:28:50 | INFO     | politician_location_dashboard  | Listening for messages from Politician 2...
2026-01-14 15:28:55 | INFO     | volunteer_location_stream      | ====================================================================================================
2026-01-14 15:28:55 | INFO     | volunteer_location_stream      | VOLUNTEER WEBSOCKET CONNECTION ATTEMPT
2026-01-14 15:28:55 | INFO     | volunteer_location_stream      | ====================================================================================================
2026-01-14 15:28:55 | INFO     | volunteer_location_stream      | Volunteer ID: 1
2026-01-14 15:28:55 | INFO     | volunteer_location_stream      | Timestamp: 2026-01-14T09:58:55.181262+00:00
2026-01-14 15:28:55 | INFO     | volunteer_location_stream      | Volunteer FOUND:
2026-01-14 15:28:55 | INFO     | volunteer_location_stream      |    - Volunteer ID: 1
2026-01-14 15:28:55 | INFO     | volunteer_location_stream      |    - Volunteer Name: imran
2026-01-14 15:28:55 | INFO     | volunteer_location_stream      |    - BELONGS TO POLITICIAN ID: 1
2026-01-14 15:28:55 | INFO     | volunteer_location_stream      | Politician Details:
2026-01-14 15:28:55 | INFO     | volunteer_location_stream      |    - Politician ID: 1
2026-01-14 15:28:55 | INFO     | volunteer_location_stream      |    - Politician Name: imran pasha
2026-01-14 15:28:55 | INFO     | volunteer_location_stream      | Volunteer 1 WebSocket ACCEPTED
2026-01-14 15:28:55 | INFO     | connect_volunteer              | Volunteer 1 connected (Total: 1)
2026-01-14 15:28:55 | INFO     | volunteer_location_stream      | BROADCASTING ONLINE STATUS:
2026-01-14 15:28:55 | INFO     | volunteer_location_stream      |    - FROM: Volunteer 1
2026-01-14 15:28:55 | INFO     | volunteer_location_stream      |    - TO: Politician 1 ONLY
2026-01-14 15:28:55 | INFO     | broadcast_location_to_politician | BROADCAST REQUEST:
2026-01-14 15:28:55 | INFO     | broadcast_location_to_politician |    - Target: Politician 1
2026-01-14 15:28:55 | INFO     | broadcast_location_to_politician |    - Volunteer: 1
2026-01-14 15:28:55 | INFO     | broadcast_location_to_politician |    - Status: online
2026-01-14 15:28:55 | INFO     | broadcast_location_to_politician |    - All connected politicians: [1, 2]
2026-01-14 15:28:55 | WARNING  | broadcast_location_to_politician | SECURITY: Other politicians connected [2] - they will NOT receive this
2026-01-14 15:28:55 | INFO     | broadcast_location_to_politician | Broadcast complete: 2 sent to Politician 1
2026-01-14 15:28:55 | INFO     | volunteer_location_stream      | Listening for location updates from volunteer 1...
2026-01-14 15:28:56 | INFO     | volunteer_location_stream      | LOCATION UPDATE RECEIVED:
2026-01-14 15:28:56 | INFO     | volunteer_location_stream      |    - Volunteer ID: 1
2026-01-14 15:28:56 | INFO     | volunteer_location_stream      |    - Lat/Lng: (17.4255346, 78.4361532)
2026-01-14 15:28:56 | INFO     | volunteer_location_stream      | Location saved to database (ID: 44)
2026-01-14 15:28:56 | INFO     | volunteer_location_stream      | BROADCASTING to Politician 1 ONLY
2026-01-14 15:28:56 | INFO     | broadcast_location_to_politician | BROADCAST REQUEST:
2026-01-14 15:28:56 | INFO     | broadcast_location_to_politician |    - Target: Politician 1
2026-01-14 15:28:56 | INFO     | broadcast_location_to_politician |    - Volunteer: 1
2026-01-14 15:28:56 | INFO     | broadcast_location_to_politician |    - Status: online
2026-01-14 15:28:56 | INFO     | broadcast_location_to_politician |    - All connected politicians: [1, 2]
2026-01-14 15:28:56 | WARNING  | broadcast_location_to_politician | SECURITY: Other politicians connected [2] - they will NOT receive this
2026-01-14 15:28:56 | INFO     | broadcast_location_to_politician | Broadcast complete: 2 sent to Politician 1
2026-01-14 15:28:57 | INFO     | volunteer_location_stream      | Volunteer 1 WebSocket DISCONNECTED
2026-01-14 15:28:57 | INFO     | volunteer_location_stream      | CLEANUP for volunteer 1
2026-01-14 15:28:57 | INFO     | disconnect_volunteer           | Volunteer 1 disconnected (Remaining: 0)
2026-01-14 15:28:57 | INFO     | volunteer_location_stream      | BROADCASTING OFFLINE to Politician 1
2026-01-14 15:28:57 | INFO     | broadcast_location_to_politician | BROADCAST REQUEST:
2026-01-14 15:28:57 | INFO     | broadcast_location_to_politician |    - Target: Politician 1
2026-01-14 15:28:57 | INFO     | broadcast_location_to_politician |    - Volunteer: 1
2026-01-14 15:28:57 | INFO     | broadcast_location_to_politician |    - Status: offline
2026-01-14 15:28:57 | INFO     | broadcast_location_to_politician |    - All connected politicians: [1, 2]
2026-01-14 15:28:57 | WARNING  | broadcast_location_to_politician | SECURITY: Other politicians connected [2] - they will NOT receive this
2026-01-14 15:28:57 | INFO     | broadcast_location_to_politician | Broadcast complete: 2 sent to Politician 1
2026-01-14 15:28:57 | INFO     | volunteer_location_stream      | ====================================================================================================
2026-01-14 15:28:57 | INFO     | volunteer_location_stream      | VOLUNTEER 1 SESSION ENDED
2026-01-14 15:28:57 | INFO     | volunteer_location_stream      | ====================================================================================================
2026-01-14 15:28:58 | DEBUG    | periodic_status_check          | Periodic status check for Politician 1
2026-01-14 15:28:58 | DEBUG    | periodic_status_check          | Status sync sent to Politician 1: 1 volunteers
2026-01-14 15:28:59 | DEBUG    | periodic_status_check          | Periodic status check for Politician 1
2026-01-14 15:28:59 | DEBUG    | periodic_status_check          | Status sync sent to Politician 1: 1 volunteers
2026-01-14 15:29:00 | INFO     | politician_location_dashboard  | Manual refresh requested by Politician 2
2026-01-14 15:29:01 | INFO     | politician_location_dashboard  | Manual refresh requested by Politician 2
2026-01-14 15:29:04 | INFO     | politician_location_dashboard  | 
2026-01-14 15:29:04 | INFO     | politician_location_dashboard  | ====================================================================================================
2026-01-14 15:29:04 | INFO     | politician_location_dashboard  | POLITICIAN WEBSOCKET CONNECTION ATTEMPT
2026-01-14 15:29:04 | INFO     | politician_location_dashboard  | ====================================================================================================
2026-01-14 15:29:04 | INFO     | politician_location_dashboard  | Timestamp: 2026-01-14T09:59:04.573882+00:00
2026-01-14 15:29:04 | INFO     | politician_location_dashboard  | Politician FOUND:
2026-01-14 15:29:04 | INFO     | politician_location_dashboard  |    - POLITICIAN ID: 2
2026-01-14 15:29:04 | INFO     | politician_location_dashboard  |    - Email: playstore@gmail.com
2026-01-14 15:29:04 | INFO     | politician_location_dashboard  |    - Full Name: Play store
2026-01-14 15:29:04 | INFO     | politician_location_dashboard  | Politician 2 WebSocket ACCEPTED
2026-01-14 15:29:04 | INFO     | connect_politician             | Politician 2 connected (Connections: 2)
2026-01-14 15:29:04 | INFO     | connect_politician             | All connected politicians: [1, 2]
2026-01-14 15:29:04 | INFO     | politician_location_dashboard  | Fetching volunteers FOR POLITICIAN 2 ONLY...
2026-01-14 15:29:04 | INFO     | politician_location_dashboard  | Found 1 volunteer(s) for Politician 2
2026-01-14 15:29:04 | INFO     | politician_location_dashboard  |    - Volunteer 2: offline
2026-01-14 15:29:04 | INFO     | politician_location_dashboard  | SENDING INITIAL STATE to Politician 2:
2026-01-14 15:29:04 | INFO     | politician_location_dashboard  |    - Total volunteers: 1
2026-01-14 15:29:04 | INFO     | politician_location_dashboard  |    - With recent locations: 0
2026-01-14 15:29:04 | INFO     | politician_location_dashboard  | Initial state sent successfully
2026-01-14 15:29:04 | INFO     | politician_location_dashboard  | Started periodic status check (every 30s)
2026-01-14 15:29:04 | INFO     | politician_location_dashboard  | Listening for messages from Politician 2...
2026-01-14 15:29:07 | INFO     | politician_location_dashboard  | Manual refresh requested by Politician 2
2026-01-14 15:29:07 | INFO     | politician_location_dashboard  | Manual refresh requested by Politician 2
2026-01-14 15:29:07 | INFO     | politician_location_dashboard  | Manual refresh requested by Politician 2
2026-01-14 15:29:08 | INFO     | politician_location_dashboard  | Manual refresh requested by Politician 2
2026-01-14 15:29:08 | INFO     | politician_location_dashboard  | Manual refresh requested by Politician 2
2026-01-14 15:29:08 | INFO     | politician_location_dashboard  | Manual refresh requested by Politician 2
2026-01-14 15:29:10 | INFO     | volunteer_location_stream      | ====================================================================================================
2026-01-14 15:29:10 | INFO     | volunteer_location_stream      | VOLUNTEER WEBSOCKET CONNECTION ATTEMPT
2026-01-14 15:29:10 | INFO     | volunteer_location_stream      | ====================================================================================================
2026-01-14 15:29:10 | INFO     | volunteer_location_stream      | Volunteer ID: 1
2026-01-14 15:29:10 | INFO     | volunteer_location_stream      | Timestamp: 2026-01-14T09:59:10.739962+00:00
2026-01-14 15:29:10 | INFO     | volunteer_location_stream      | Volunteer FOUND:
2026-01-14 15:29:10 | INFO     | volunteer_location_stream      |    - Volunteer ID: 1
2026-01-14 15:29:10 | INFO     | volunteer_location_stream      |    - Volunteer Name: imran
2026-01-14 15:29:10 | INFO     | volunteer_location_stream      |    - BELONGS TO POLITICIAN ID: 1
2026-01-14 15:29:10 | INFO     | volunteer_location_stream      | Politician Details:
2026-01-14 15:29:10 | INFO     | volunteer_location_stream      |    - Politician ID: 1
2026-01-14 15:29:10 | INFO     | volunteer_location_stream      |    - Politician Name: imran pasha
2026-01-14 15:29:10 | INFO     | volunteer_location_stream      | Volunteer 1 WebSocket ACCEPTED
2026-01-14 15:29:10 | INFO     | connect_volunteer              | Volunteer 1 connected (Total: 1)
2026-01-14 15:29:10 | INFO     | volunteer_location_stream      | BROADCASTING ONLINE STATUS:
2026-01-14 15:29:10 | INFO     | volunteer_location_stream      |    - FROM: Volunteer 1
2026-01-14 15:29:10 | INFO     | volunteer_location_stream      |    - TO: Politician 1 ONLY
2026-01-14 15:29:10 | INFO     | broadcast_location_to_politician | BROADCAST REQUEST:
2026-01-14 15:29:10 | INFO     | broadcast_location_to_politician |    - Target: Politician 1
2026-01-14 15:29:10 | INFO     | broadcast_location_to_politician |    - Volunteer: 1
2026-01-14 15:29:10 | INFO     | broadcast_location_to_politician |    - Status: online
2026-01-14 15:29:10 | INFO     | broadcast_location_to_politician |    - All connected politicians: [1, 2]
2026-01-14 15:29:10 | WARNING  | broadcast_location_to_politician | SECURITY: Other politicians connected [2] - they will NOT receive this
2026-01-14 15:29:10 | INFO     | broadcast_location_to_politician | Broadcast complete: 2 sent to Politician 1
2026-01-14 15:29:10 | INFO     | volunteer_location_stream      | Listening for location updates from volunteer 1...
2026-01-14 15:29:11 | INFO     | volunteer_location_stream      | LOCATION UPDATE RECEIVED:
2026-01-14 15:29:11 | INFO     | volunteer_location_stream      |    - Volunteer ID: 1
2026-01-14 15:29:11 | INFO     | volunteer_location_stream      |    - Lat/Lng: (17.4255363, 78.4361556)
2026-01-14 15:29:11 | INFO     | volunteer_location_stream      | Location saved to database (ID: 45)
2026-01-14 15:29:11 | INFO     | volunteer_location_stream      | BROADCASTING to Politician 1 ONLY
2026-01-14 15:29:11 | INFO     | broadcast_location_to_politician | BROADCAST REQUEST:
2026-01-14 15:29:11 | INFO     | broadcast_location_to_politician |    - Target: Politician 1
2026-01-14 15:29:11 | INFO     | broadcast_location_to_politician |    - Volunteer: 1
2026-01-14 15:29:11 | INFO     | broadcast_location_to_politician |    - Status: online
2026-01-14 15:29:11 | INFO     | broadcast_location_to_politician |    - All connected politicians: [1, 2]
2026-01-14 15:29:11 | WARNING  | broadcast_location_to_politician | SECURITY: Other politicians connected [2] - they will NOT receive this
2026-01-14 15:29:11 | INFO     | broadcast_location_to_politician | Broadcast complete: 2 sent to Politician 1
2026-01-14 15:29:14 | INFO     | politician_location_dashboard  | 
2026-01-14 15:29:14 | INFO     | politician_location_dashboard  | ====================================================================================================
2026-01-14 15:29:14 | INFO     | politician_location_dashboard  | POLITICIAN WEBSOCKET CONNECTION ATTEMPT
2026-01-14 15:29:14 | INFO     | politician_location_dashboard  | ====================================================================================================
2026-01-14 15:29:14 | INFO     | politician_location_dashboard  | Timestamp: 2026-01-14T09:59:14.864255+00:00
2026-01-14 15:29:14 | INFO     | politician_location_dashboard  | Politician FOUND:
2026-01-14 15:29:14 | INFO     | politician_location_dashboard  |    - POLITICIAN ID: 2
2026-01-14 15:29:14 | INFO     | politician_location_dashboard  |    - Email: playstore@gmail.com
2026-01-14 15:29:14 | INFO     | politician_location_dashboard  |    - Full Name: Play store
2026-01-14 15:29:14 | INFO     | politician_location_dashboard  | Politician 2 WebSocket ACCEPTED
2026-01-14 15:29:14 | INFO     | connect_politician             | Politician 2 connected (Connections: 3)
2026-01-14 15:29:14 | INFO     | connect_politician             | All connected politicians: [1, 2]
2026-01-14 15:29:14 | INFO     | politician_location_dashboard  | Fetching volunteers FOR POLITICIAN 2 ONLY...
2026-01-14 15:29:14 | INFO     | politician_location_dashboard  | Found 1 volunteer(s) for Politician 2
2026-01-14 15:29:14 | INFO     | politician_location_dashboard  |    - Volunteer 2: offline
2026-01-14 15:29:14 | INFO     | politician_location_dashboard  | SENDING INITIAL STATE to Politician 2:
2026-01-14 15:29:14 | INFO     | politician_location_dashboard  |    - Total volunteers: 1
2026-01-14 15:29:14 | INFO     | politician_location_dashboard  |    - With recent locations: 0
2026-01-14 15:29:14 | INFO     | politician_location_dashboard  | Initial state sent successfully
2026-01-14 15:29:14 | INFO     | politician_location_dashboard  | Started periodic status check (every 30s)
2026-01-14 15:29:14 | INFO     | politician_location_dashboard  | Listening for messages from Politician 2...
2026-01-14 15:29:17 | INFO     | politician_location_dashboard  | Manual refresh requested by Politician 2
2026-01-14 15:29:20 | INFO     | politician_location_dashboard  | Manual refresh requested by Politician 2
2026-01-14 15:29:20 | DEBUG    | periodic_status_check          | Periodic status check for Politician 2
2026-01-14 15:29:20 | DEBUG    | periodic_status_check          | Status sync sent to Politician 2: 1 volunteers
2026-01-14 15:29:21 | INFO     | politician_location_dashboard  | Manual refresh requested by Politician 2
2026-01-14 15:29:24 | INFO     | volunteer_location_stream      | Volunteer 1 WebSocket DISCONNECTED
2026-01-14 15:29:24 | INFO     | volunteer_location_stream      | CLEANUP for volunteer 1
2026-01-14 15:29:24 | INFO     | disconnect_volunteer           | Volunteer 1 disconnected (Remaining: 0)
2026-01-14 15:29:24 | INFO     | volunteer_location_stream      | BROADCASTING OFFLINE to Politician 1
2026-01-14 15:29:24 | INFO     | broadcast_location_to_politician | BROADCAST REQUEST:
2026-01-14 15:29:24 | INFO     | broadcast_location_to_politician |    - Target: Politician 1
2026-01-14 15:29:24 | INFO     | broadcast_location_to_politician |    - Volunteer: 1
2026-01-14 15:29:24 | INFO     | broadcast_location_to_politician |    - Status: offline
2026-01-14 15:29:24 | INFO     | broadcast_location_to_politician |    - All connected politicians: [1, 2]
2026-01-14 15:29:24 | WARNING  | broadcast_location_to_politician | SECURITY: Other politicians connected [2] - they will NOT receive this
2026-01-14 15:29:24 | INFO     | broadcast_location_to_politician | Broadcast complete: 2 sent to Politician 1
2026-01-14 15:29:24 | INFO     | volunteer_location_stream      | ====================================================================================================
2026-01-14 15:29:24 | INFO     | volunteer_location_stream      | VOLUNTEER 1 SESSION ENDED
2026-01-14 15:29:24 | INFO     | volunteer_location_stream      | ====================================================================================================
2026-01-14 15:29:26 | INFO     | politician_location_dashboard  | Manual refresh requested by Politician 2
2026-01-14 15:29:28 | DEBUG    | periodic_status_check          | Periodic status check for Politician 1
2026-01-14 15:29:28 | DEBUG    | periodic_status_check          | Status sync sent to Politician 1: 1 volunteers
2026-01-14 15:29:29 | INFO     | politician_location_dashboard  | Manual refresh requested by Politician 2
2026-01-14 15:29:29 | DEBUG    | periodic_status_check          | Periodic status check for Politician 1
2026-01-14 15:29:29 | DEBUG    | periodic_status_check          | Status sync sent to Politician 1: 1 volunteers
2026-01-14 15:29:34 | DEBUG    | periodic_status_check          | Periodic status check for Politician 2
2026-01-14 15:29:34 | DEBUG    | periodic_status_check          | Status sync sent to Politician 2: 1 volunteers
2026-01-14 15:29:44 | DEBUG    | periodic_status_check          | Periodic status check for Politician 2
2026-01-14 15:29:44 | DEBUG    | periodic_status_check          | Status sync sent to Politician 2: 1 volunteers
2026-01-14 15:29:50 | DEBUG    | periodic_status_check          | Periodic status check for Politician 2
2026-01-14 15:29:50 | DEBUG    | periodic_status_check          | Status sync sent to Politician 2: 1 volunteers
2026-01-14 15:29:59 | DEBUG    | periodic_status_check          | Periodic status check for Politician 1
2026-01-14 15:29:59 | DEBUG    | periodic_status_check          | Status sync sent to Politician 1: 1 volunteers
2026-01-14 15:29:59 | DEBUG    | periodic_status_check          | Periodic status check for Politician 1
2026-01-14 15:29:59 | DEBUG    | periodic_status_check          | Status sync sent to Politician 1: 1 volunteers
2026-01-14 15:30:04 | DEBUG    | periodic_status_check          | Periodic status check for Politician 2
2026-01-14 15:30:04 | DEBUG    | periodic_status_check          | Status sync sent to Politician 2: 1 volunteers
2026-01-14 15:30:14 | DEBUG    | periodic_status_check          | Periodic status check for Politician 2
2026-01-14 15:30:14 | DEBUG    | periodic_status_check          | Status sync sent to Politician 2: 1 volunteers
2026-01-14 15:30:20 | DEBUG    | periodic_status_check          | Periodic status check for Politician 2
2026-01-14 15:30:20 | DEBUG    | periodic_status_check          | Status sync sent to Politician 2: 1 volunteers
2026-01-14 15:30:29 | DEBUG    | periodic_status_check          | Periodic status check for Politician 1
2026-01-14 15:30:29 | DEBUG    | periodic_status_check          | Status sync sent to Politician 1: 1 volunteers
2026-01-14 15:30:29 | DEBUG    | periodic_status_check          | Periodic status check for Politician 1
2026-01-14 15:30:29 | DEBUG    | periodic_status_check          | Status sync sent to Politician 1: 1 volunteers
2026-01-14 15:30:34 | DEBUG    | periodic_status_check          | Periodic status check for Politician 2
2026-01-14 15:30:34 | DEBUG    | periodic_status_check          | Status sync sent to Politician 2: 1 volunteers
2026-01-14 15:30:44 | DEBUG    | periodic_status_check          | Periodic status check for Politician 2
2026-01-14 15:30:44 | DEBUG    | periodic_status_check          | Status sync sent to Politician 2: 1 volunteers
2026-01-14 15:30:50 | DEBUG    | periodic_status_check          | Periodic status check for Politician 2
2026-01-14 15:30:50 | DEBUG    | periodic_status_check          | Status sync sent to Politician 2: 1 volunteers
2026-01-14 15:30:59 | DEBUG    | periodic_status_check          | Periodic status check for Politician 1
2026-01-14 15:30:59 | DEBUG    | periodic_status_check          | Status sync sent to Politician 1: 1 volunteers
2026-01-14 15:31:00 | DEBUG    | periodic_status_check          | Periodic status check for Politician 1
2026-01-14 15:31:00 | DEBUG    | periodic_status_check          | Status sync sent to Politician 1: 1 volunteers
2026-01-14 15:31:04 | DEBUG    | periodic_status_check          | Periodic status check for Politician 2
2026-01-14 15:31:04 | DEBUG    | periodic_status_check          | Status sync sent to Politician 2: 1 volunteers
2026-01-14 15:31:14 | DEBUG    | periodic_status_check          | Periodic status check for Politician 2
2026-01-14 15:31:14 | DEBUG    | periodic_status_check          | Status sync sent to Politician 2: 1 volunteers
2026-01-14 15:31:20 | DEBUG    | periodic_status_check          | Periodic status check for Politician 2
2026-01-14 15:31:20 | DEBUG    | periodic_status_check          | Status sync sent to Politician 2: 1 volunteers
2026-01-14 15:31:29 | DEBUG    | periodic_status_check          | Periodic status check for Politician 1
2026-01-14 15:31:29 | DEBUG    | periodic_status_check          | Status sync sent to Politician 1: 1 volunteers
2026-01-14 15:31:30 | DEBUG    | periodic_status_check          | Periodic status check for Politician 1
2026-01-14 15:31:30 | DEBUG    | periodic_status_check          | Status sync sent to Politician 1: 1 volunteers
2026-01-14 15:31:34 | DEBUG    | periodic_status_check          | Periodic status check for Politician 2
2026-01-14 15:31:34 | DEBUG    | periodic_status_check          | Status sync sent to Politician 2: 1 volunteers
2026-01-14 15:31:44 | DEBUG    | periodic_status_check          | Periodic status check for Politician 2
2026-01-14 15:31:44 | DEBUG    | periodic_status_check          | Status sync sent to Politician 2: 1 volunteers
2026-01-14 15:31:50 | DEBUG    | periodic_status_check          | Periodic status check for Politician 2
2026-01-14 15:31:50 | DEBUG    | periodic_status_check          | Status sync sent to Politician 2: 1 volunteers
2026-01-14 15:31:59 | DEBUG    | periodic_status_check          | Periodic status check for Politician 1
2026-01-14 15:31:59 | DEBUG    | periodic_status_check          | Status sync sent to Politician 1: 1 volunteers
2026-01-14 15:32:00 | DEBUG    | periodic_status_check          | Periodic status check for Politician 1
2026-01-14 15:32:00 | DEBUG    | periodic_status_check          | Status sync sent to Politician 1: 1 volunteers
2026-01-14 15:32:04 | DEBUG    | periodic_status_check          | Periodic status check for Politician 2
2026-01-14 15:32:04 | DEBUG    | periodic_status_check          | Status sync sent to Politician 2: 1 volunteers
2026-01-14 15:32:14 | DEBUG    | periodic_status_check          | Periodic status check for Politician 2
2026-01-14 15:32:14 | DEBUG    | periodic_status_check          | Status sync sent to Politician 2: 1 volunteers
2026-01-14 15:32:20 | DEBUG    | periodic_status_check          | Periodic status check for Politician 2
2026-01-14 15:32:20 | DEBUG    | periodic_status_check          | Status sync sent to Politician 2: 1 volunteers
2026-01-14 15:32:29 | DEBUG    | periodic_status_check          | Periodic status check for Politician 1
2026-01-14 15:32:29 | DEBUG    | periodic_status_check          | Status sync sent to Politician 1: 1 volunteers
2026-01-14 15:32:30 | DEBUG    | periodic_status_check          | Periodic status check for Politician 1
2026-01-14 15:32:30 | DEBUG    | periodic_status_check          | Status sync sent to Politician 1: 1 volunteers
2026-01-14 15:32:34 | DEBUG    | periodic_status_check          | Periodic status check for Politician 2
2026-01-14 15:32:34 | DEBUG    | periodic_status_check          | Status sync sent to Politician 2: 1 volunteers
2026-01-14 15:32:44 | DEBUG    | periodic_status_check          | Periodic status check for Politician 2
2026-01-14 15:32:44 | DEBUG    | periodic_status_check          | Status sync sent to Politician 2: 1 volunteers
2026-01-14 15:32:50 | DEBUG    | periodic_status_check          | Periodic status check for Politician 2
2026-01-14 15:32:50 | DEBUG    | periodic_status_check          | Status sync sent to Politician 2: 1 volunteers
2026-01-14 15:32:59 | DEBUG    | periodic_status_check          | Periodic status check for Politician 1
2026-01-14 15:32:59 | DEBUG    | periodic_status_check          | Status sync sent to Politician 1: 1 volunteers
2026-01-14 15:33:00 | DEBUG    | periodic_status_check          | Periodic status check for Politician 1
2026-01-14 15:33:00 | DEBUG    | periodic_status_check          | Status sync sent to Politician 1: 1 volunteers
2026-01-14 15:33:04 | DEBUG    | periodic_status_check          | Periodic status check for Politician 2
2026-01-14 15:33:04 | DEBUG    | periodic_status_check          | Status sync sent to Politician 2: 1 volunteers
2026-01-14 15:33:14 | DEBUG    | periodic_status_check          | Periodic status check for Politician 2
2026-01-14 15:33:14 | DEBUG    | periodic_status_check          | Status sync sent to Politician 2: 1 volunteers
2026-01-14 15:33:20 | DEBUG    | periodic_status_check          | Periodic status check for Politician 2
2026-01-14 15:33:20 | DEBUG    | periodic_status_check          | Status sync sent to Politician 2: 1 volunteers
2026-01-14 15:33:29 | DEBUG    | periodic_status_check          | Periodic status check for Politician 1
2026-01-14 15:33:29 | DEBUG    | periodic_status_check          | Status sync sent to Politician 1: 1 volunteers
2026-01-14 15:33:30 | DEBUG    | periodic_status_check          | Periodic status check for Politician 1
2026-01-14 15:33:30 | DEBUG    | periodic_status_check          | Status sync sent to Politician 1: 1 volunteers
2026-01-14 15:33:34 | DEBUG    | periodic_status_check          | Periodic status check for Politician 2
2026-01-14 15:33:34 | DEBUG    | periodic_status_check          | Status sync sent to Politician 2: 1 volunteers
2026-01-14 15:33:44 | DEBUG    | periodic_status_check          | Periodic status check for Politician 2
2026-01-14 15:33:44 | DEBUG    | periodic_status_check          | Status sync sent to Politician 2: 1 volunteers
2026-01-14 15:33:50 | DEBUG    | periodic_status_check          | Periodic status check for Politician 2
2026-01-14 15:33:50 | DEBUG    | periodic_status_check          | Status sync sent to Politician 2: 1 volunteers
2026-01-14 15:33:59 | DEBUG    | periodic_status_check          | Periodic status check for Politician 1
2026-01-14 15:33:59 | DEBUG    | periodic_status_check          | Status sync sent to Politician 1: 1 volunteers
2026-01-14 15:34:00 | DEBUG    | periodic_status_check          | Periodic status check for Politician 1
2026-01-14 15:34:00 | DEBUG    | periodic_status_check          | Status sync sent to Politician 1: 1 volunteers
2026-01-14 15:34:04 | DEBUG    | periodic_status_check          | Periodic status check for Politician 2
2026-01-14 15:34:04 | DEBUG    | periodic_status_check          | Status sync sent to Politician 2: 1 volunteers
2026-01-14 15:34:14 | DEBUG    | periodic_status_check          | Periodic status check for Politician 2
2026-01-14 15:34:14 | DEBUG    | periodic_status_check          | Status sync sent to Politician 2: 1 volunteers
2026-01-14 15:34:20 | DEBUG    | periodic_status_check          | Periodic status check for Politician 2
2026-01-14 15:34:20 | DEBUG    | periodic_status_check          | Status sync sent to Politician 2: 1 volunteers
2026-01-14 15:34:29 | DEBUG    | periodic_status_check          | Periodic status check for Politician 1
2026-01-14 15:34:29 | DEBUG    | periodic_status_check          | Status sync sent to Politician 1: 1 volunteers
2026-01-14 15:34:30 | DEBUG    | periodic_status_check          | Periodic status check for Politician 1
2026-01-14 15:34:30 | DEBUG    | periodic_status_check          | Status sync sent to Politician 1: 1 volunteers
2026-01-14 15:34:34 | DEBUG    | periodic_status_check          | Periodic status check for Politician 2
2026-01-14 15:34:34 | DEBUG    | periodic_status_check          | Status sync sent to Politician 2: 1 volunteers
2026-01-14 15:34:44 | DEBUG    | periodic_status_check          | Periodic status check for Politician 2
2026-01-14 15:34:44 | DEBUG    | periodic_status_check          | Status sync sent to Politician 2: 1 volunteers
2026-01-14 15:34:50 | DEBUG    | periodic_status_check          | Periodic status check for Politician 2
2026-01-14 15:34:50 | DEBUG    | periodic_status_check          | Status sync sent to Politician 2: 1 volunteers
2026-01-14 15:34:59 | DEBUG    | periodic_status_check          | Periodic status check for Politician 1
2026-01-14 15:34:59 | DEBUG    | periodic_status_check          | Status sync sent to Politician 1: 1 volunteers
2026-01-14 15:35:00 | DEBUG    | periodic_status_check          | Periodic status check for Politician 1
2026-01-14 15:35:00 | DEBUG    | periodic_status_check          | Status sync sent to Politician 1: 1 volunteers
2026-01-14 15:35:04 | DEBUG    | periodic_status_check          | Periodic status check for Politician 2
2026-01-14 15:35:04 | DEBUG    | periodic_status_check          | Status sync sent to Politician 2: 1 volunteers
2026-01-14 15:35:14 | DEBUG    | periodic_status_check          | Periodic status check for Politician 2
2026-01-14 15:35:14 | DEBUG    | periodic_status_check          | Status sync sent to Politician 2: 1 volunteers
2026-01-14 15:35:20 | DEBUG    | periodic_status_check          | Periodic status check for Politician 2
2026-01-14 15:35:20 | DEBUG    | periodic_status_check          | Status sync sent to Politician 2: 1 volunteers
2026-01-14 15:35:29 | DEBUG    | periodic_status_check          | Periodic status check for Politician 1
2026-01-14 15:35:29 | DEBUG    | periodic_status_check          | Status sync sent to Politician 1: 1 volunteers
2026-01-14 15:35:30 | DEBUG    | periodic_status_check          | Periodic status check for Politician 1
2026-01-14 15:35:30 | DEBUG    | periodic_status_check          | Status sync sent to Politician 1: 1 volunteers
2026-01-14 15:35:34 | DEBUG    | periodic_status_check          | Periodic status check for Politician 2
2026-01-14 15:35:34 | DEBUG    | periodic_status_check          | Status sync sent to Politician 2: 1 volunteers
2026-01-14 15:35:44 | DEBUG    | periodic_status_check          | Periodic status check for Politician 2
2026-01-14 15:35:44 | DEBUG    | periodic_status_check          | Status sync sent to Politician 2: 1 volunteers
2026-01-14 15:35:50 | DEBUG    | periodic_status_check          | Periodic status check for Politician 2
2026-01-14 15:35:50 | DEBUG    | periodic_status_check          | Status sync sent to Politician 2: 1 volunteers
2026-01-14 15:35:59 | DEBUG    | periodic_status_check          | Periodic status check for Politician 1
2026-01-14 15:35:59 | DEBUG    | periodic_status_check          | Status sync sent to Politician 1: 1 volunteers
2026-01-14 15:36:00 | DEBUG    | periodic_status_check          | Periodic status check for Politician 1
2026-01-14 15:36:00 | DEBUG    | periodic_status_check          | Status sync sent to Politician 1: 1 volunteers
2026-01-14 15:36:04 | DEBUG    | periodic_status_check          | Periodic status check for Politician 2
2026-01-14 15:36:04 | DEBUG    | periodic_status_check          | Status sync sent to Politician 2: 1 volunteers
2026-01-14 15:36:14 | DEBUG    | periodic_status_check          | Periodic status check for Politician 2
2026-01-14 15:36:14 | DEBUG    | periodic_status_check          | Status sync sent to Politician 2: 1 volunteers
2026-01-14 15:36:20 | DEBUG    | periodic_status_check          | Periodic status check for Politician 2
2026-01-14 15:36:20 | DEBUG    | periodic_status_check          | Status sync sent to Politician 2: 1 volunteers
2026-01-14 15:36:29 | DEBUG    | periodic_status_check          | Periodic status check for Politician 1
2026-01-14 15:36:29 | DEBUG    | periodic_status_check          | Status sync sent to Politician 1: 1 volunteers
2026-01-14 15:36:30 | DEBUG    | periodic_status_check          | Periodic status check for Politician 1
2026-01-14 15:36:30 | DEBUG    | periodic_status_check          | Status sync sent to Politician 1: 1 volunteers
2026-01-14 15:36:34 | DEBUG    | periodic_status_check          | Periodic status check for Politician 2
2026-01-14 15:36:34 | DEBUG    | periodic_status_check          | Status sync sent to Politician 2: 1 volunteers
2026-01-14 15:36:44 | DEBUG    | periodic_status_check          | Periodic status check for Politician 2
2026-01-14 15:36:44 | DEBUG    | periodic_status_check          | Status sync sent to Politician 2: 1 volunteers
2026-01-14 15:36:50 | DEBUG    | periodic_status_check          | Periodic status check for Politician 2
2026-01-14 15:36:50 | DEBUG    | periodic_status_check          | Status sync sent to Politician 2: 1 volunteers
2026-01-14 15:36:59 | DEBUG    | periodic_status_check          | Periodic status check for Politician 1
2026-01-14 15:36:59 | DEBUG    | periodic_status_check          | Status sync sent to Politician 1: 1 volunteers
2026-01-14 15:37:00 | DEBUG    | periodic_status_check          | Periodic status check for Politician 1
2026-01-14 15:37:00 | DEBUG    | periodic_status_check          | Status sync sent to Politician 1: 1 volunteers
2026-01-14 15:37:04 | DEBUG    | periodic_status_check          | Periodic status check for Politician 2
2026-01-14 15:37:04 | DEBUG    | periodic_status_check          | Status sync sent to Politician 2: 1 volunteers
2026-01-14 15:37:14 | DEBUG    | periodic_status_check          | Periodic status check for Politician 2
2026-01-14 15:37:14 | DEBUG    | periodic_status_check          | Status sync sent to Politician 2: 1 volunteers
2026-01-14 15:37:20 | DEBUG    | periodic_status_check          | Periodic status check for Politician 2
2026-01-14 15:37:20 | DEBUG    | periodic_status_check          | Status sync sent to Politician 2: 1 volunteers
2026-01-14 15:37:29 | DEBUG    | periodic_status_check          | Periodic status check for Politician 1
2026-01-14 15:37:29 | DEBUG    | periodic_status_check          | Status sync sent to Politician 1: 1 volunteers
2026-01-14 15:37:30 | DEBUG    | periodic_status_check          | Periodic status check for Politician 1
2026-01-14 15:37:30 | DEBUG    | periodic_status_check          | Status sync sent to Politician 1: 1 volunteers
2026-01-14 15:37:34 | DEBUG    | periodic_status_check          | Periodic status check for Politician 2
2026-01-14 15:37:34 | DEBUG    | periodic_status_check          | Status sync sent to Politician 2: 1 volunteers
2026-01-14 15:37:44 | DEBUG    | periodic_status_check          | Periodic status check for Politician 2
2026-01-14 15:37:45 | DEBUG    | periodic_status_check          | Status sync sent to Politician 2: 1 volunteers
2026-01-14 15:37:50 | DEBUG    | periodic_status_check          | Periodic status check for Politician 2
2026-01-14 15:37:50 | DEBUG    | periodic_status_check          | Status sync sent to Politician 2: 1 volunteers
2026-01-14 15:37:59 | DEBUG    | periodic_status_check          | Periodic status check for Politician 1
2026-01-14 15:37:59 | DEBUG    | periodic_status_check          | Status sync sent to Politician 1: 1 volunteers
2026-01-14 15:38:00 | DEBUG    | periodic_status_check          | Periodic status check for Politician 1
2026-01-14 15:38:00 | DEBUG    | periodic_status_check          | Status sync sent to Politician 1: 1 volunteers
2026-01-14 15:38:04 | DEBUG    | periodic_status_check          | Periodic status check for Politician 2
2026-01-14 15:38:04 | DEBUG    | periodic_status_check          | Status sync sent to Politician 2: 1 volunteers
2026-01-14 15:38:15 | DEBUG    | periodic_status_check          | Periodic status check for Politician 2
2026-01-14 15:38:15 | DEBUG    | periodic_status_check          | Status sync sent to Politician 2: 1 volunteers
2026-01-14 15:38:20 | DEBUG    | periodic_status_check          | Periodic status check for Politician 2
2026-01-14 15:38:20 | DEBUG    | periodic_status_check          | Status sync sent to Politician 2: 1 volunteers
2026-01-14 15:38:29 | DEBUG    | periodic_status_check          | Periodic status check for Politician 1
2026-01-14 15:38:29 | DEBUG    | periodic_status_check          | Status sync sent to Politician 1: 1 volunteers
2026-01-14 15:38:30 | DEBUG    | periodic_status_check          | Periodic status check for Politician 1
2026-01-14 15:38:30 | DEBUG    | periodic_status_check          | Status sync sent to Politician 1: 1 volunteers
2026-01-14 15:38:34 | DEBUG    | periodic_status_check          | Periodic status check for Politician 2
2026-01-14 15:38:34 | DEBUG    | periodic_status_check          | Status sync sent to Politician 2: 1 volunteers
2026-01-14 15:38:45 | DEBUG    | periodic_status_check          | Periodic status check for Politician 2
2026-01-14 15:38:45 | DEBUG    | periodic_status_check          | Status sync sent to Politician 2: 1 volunteers
2026-01-14 15:38:50 | DEBUG    | periodic_status_check          | Periodic status check for Politician 2
2026-01-14 15:38:50 | DEBUG    | periodic_status_check          | Status sync sent to Politician 2: 1 volunteers
2026-01-14 15:38:59 | DEBUG    | periodic_status_check          | Periodic status check for Politician 1
2026-01-14 15:38:59 | DEBUG    | periodic_status_check          | Status sync sent to Politician 1: 1 volunteers
2026-01-14 15:39:00 | DEBUG    | periodic_status_check          | Periodic status check for Politician 1
2026-01-14 15:39:00 | DEBUG    | periodic_status_check          | Status sync sent to Politician 1: 1 volunteers
2026-01-14 15:39:04 | DEBUG    | periodic_status_check          | Periodic status check for Politician 2
2026-01-14 15:39:04 | DEBUG    | periodic_status_check          | Status sync sent to Politician 2: 1 volunteers
2026-01-14 15:39:15 | DEBUG    | periodic_status_check          | Periodic status check for Politician 2
2026-01-14 15:39:15 | DEBUG    | periodic_status_check          | Status sync sent to Politician 2: 1 volunteers
2026-01-14 15:39:20 | DEBUG    | periodic_status_check          | Periodic status check for Politician 2
2026-01-14 15:39:20 | DEBUG    | periodic_status_check          | Status sync sent to Politician 2: 1 volunteers
2026-01-14 15:39:29 | DEBUG    | periodic_status_check          | Periodic status check for Politician 1
2026-01-14 15:39:29 | DEBUG    | periodic_status_check          | Status sync sent to Politician 1: 1 volunteers
2026-01-14 15:39:30 | DEBUG    | periodic_status_check          | Periodic status check for Politician 1
2026-01-14 15:39:30 | DEBUG    | periodic_status_check          | Status sync sent to Politician 1: 1 volunteers
2026-01-14 15:39:34 | DEBUG    | periodic_status_check          | Periodic status check for Politician 2
2026-01-14 15:39:34 | DEBUG    | periodic_status_check          | Status sync sent to Politician 2: 1 volunteers
2026-01-14 15:39:45 | DEBUG    | periodic_status_check          | Periodic status check for Politician 2
2026-01-14 15:39:45 | DEBUG    | periodic_status_check          | Status sync sent to Politician 2: 1 volunteers
2026-01-14 15:39:50 | DEBUG    | periodic_status_check          | Periodic status check for Politician 2
2026-01-14 15:39:50 | DEBUG    | periodic_status_check          | Status sync sent to Politician 2: 1 volunteers
2026-01-14 15:39:59 | DEBUG    | periodic_status_check          | Periodic status check for Politician 1
2026-01-14 15:39:59 | DEBUG    | periodic_status_check          | Status sync sent to Politician 1: 1 volunteers
2026-01-14 15:40:00 | DEBUG    | periodic_status_check          | Periodic status check for Politician 1
2026-01-14 15:40:00 | DEBUG    | periodic_status_check          | Status sync sent to Politician 1: 1 volunteers
2026-01-14 15:40:04 | DEBUG    | periodic_status_check          | Periodic status check for Politician 2
2026-01-14 15:40:04 | DEBUG    | periodic_status_check          | Status sync sent to Politician 2: 1 volunteers
2026-01-14 15:40:15 | DEBUG    | periodic_status_check          | Periodic status check for Politician 2
2026-01-14 15:40:15 | DEBUG    | periodic_status_check          | Status sync sent to Politician 2: 1 volunteers
2026-01-14 15:40:20 | DEBUG    | periodic_status_check          | Periodic status check for Politician 2
2026-01-14 15:40:20 | DEBUG    | periodic_status_check          | Status sync sent to Politician 2: 1 volunteers
2026-01-14 15:40:29 | DEBUG    | periodic_status_check          | Periodic status check for Politician 1
2026-01-14 15:40:29 | DEBUG    | periodic_status_check          | Status sync sent to Politician 1: 1 volunteers
2026-01-14 15:40:30 | DEBUG    | periodic_status_check          | Periodic status check for Politician 1
2026-01-14 15:40:30 | DEBUG    | periodic_status_check          | Status sync sent to Politician 1: 1 volunteers
2026-01-14 15:40:34 | DEBUG    | periodic_status_check          | Periodic status check for Politician 2
2026-01-14 15:40:34 | DEBUG    | periodic_status_check          | Status sync sent to Politician 2: 1 volunteers
2026-01-14 15:40:45 | DEBUG    | periodic_status_check          | Periodic status check for Politician 2
2026-01-14 15:40:45 | DEBUG    | periodic_status_check          | Status sync sent to Politician 2: 1 volunteers
2026-01-14 15:40:50 | DEBUG    | periodic_status_check          | Periodic status check for Politician 2
2026-01-14 15:40:50 | DEBUG    | periodic_status_check          | Status sync sent to Politician 2: 1 volunteers
2026-01-14 15:40:59 | DEBUG    | periodic_status_check          | Periodic status check for Politician 1
2026-01-14 15:40:59 | DEBUG    | periodic_status_check          | Status sync sent to Politician 1: 1 volunteers
2026-01-14 15:41:00 | DEBUG    | periodic_status_check          | Periodic status check for Politician 1
2026-01-14 15:41:00 | DEBUG    | periodic_status_check          | Status sync sent to Politician 1: 1 volunteers
2026-01-14 15:41:04 | DEBUG    | periodic_status_check          | Periodic status check for Politician 2
2026-01-14 15:41:04 | DEBUG    | periodic_status_check          | Status sync sent to Politician 2: 1 volunteers
2026-01-14 15:41:15 | DEBUG    | periodic_status_check          | Periodic status check for Politician 2
2026-01-14 15:41:15 | DEBUG    | periodic_status_check          | Status sync sent to Politician 2: 1 volunteers
2026-01-14 15:41:20 | DEBUG    | periodic_status_check          | Periodic status check for Politician 2
2026-01-14 15:41:20 | DEBUG    | periodic_status_check          | Status sync sent to Politician 2: 1 volunteers
2026-01-14 15:41:29 | DEBUG    | periodic_status_check          | Periodic status check for Politician 1
2026-01-14 15:41:29 | DEBUG    | periodic_status_check          | Status sync sent to Politician 1: 1 volunteers
2026-01-14 15:41:30 | DEBUG    | periodic_status_check          | Periodic status check for Politician 1
2026-01-14 15:41:30 | DEBUG    | periodic_status_check          | Status sync sent to Politician 1: 1 volunteers
2026-01-14 15:41:34 | DEBUG    | periodic_status_check          | Periodic status check for Politician 2
2026-01-14 15:41:34 | DEBUG    | periodic_status_check          | Status sync sent to Politician 2: 1 volunteers
2026-01-14 15:41:45 | DEBUG    | periodic_status_check          | Periodic status check for Politician 2
2026-01-14 15:41:45 | DEBUG    | periodic_status_check          | Status sync sent to Politician 2: 1 volunteers
2026-01-14 15:41:50 | DEBUG    | periodic_status_check          | Periodic status check for Politician 2
2026-01-14 15:41:50 | DEBUG    | periodic_status_check          | Status sync sent to Politician 2: 1 volunteers
2026-01-14 15:41:59 | DEBUG    | periodic_status_check          | Periodic status check for Politician 1
2026-01-14 15:41:59 | DEBUG    | periodic_status_check          | Status sync sent to Politician 1: 1 volunteers
2026-01-14 15:42:00 | DEBUG    | periodic_status_check          | Periodic status check for Politician 1
2026-01-14 15:42:00 | DEBUG    | periodic_status_check          | Status sync sent to Politician 1: 1 volunteers
2026-01-14 15:42:04 | DEBUG    | periodic_status_check          | Periodic status check for Politician 2
2026-01-14 15:42:04 | DEBUG    | periodic_status_check          | Status sync sent to Politician 2: 1 volunteers
2026-01-14 15:42:15 | DEBUG    | periodic_status_check          | Periodic status check for Politician 2
2026-01-14 15:42:15 | DEBUG    | periodic_status_check          | Status sync sent to Politician 2: 1 volunteers
2026-01-14 15:42:20 | DEBUG    | periodic_status_check          | Periodic status check for Politician 2
2026-01-14 15:42:20 | DEBUG    | periodic_status_check          | Status sync sent to Politician 2: 1 volunteers
2026-01-14 15:42:29 | DEBUG    | periodic_status_check          | Periodic status check for Politician 1
2026-01-14 15:42:29 | DEBUG    | periodic_status_check          | Status sync sent to Politician 1: 1 volunteers
2026-01-14 15:42:30 | DEBUG    | periodic_status_check          | Periodic status check for Politician 1
2026-01-14 15:42:30 | DEBUG    | periodic_status_check          | Status sync sent to Politician 1: 1 volunteers
2026-01-14 15:42:34 | DEBUG    | periodic_status_check          | Periodic status check for Politician 2
2026-01-14 15:42:34 | DEBUG    | periodic_status_check          | Status sync sent to Politician 2: 1 volunteers
2026-01-14 15:42:45 | DEBUG    | periodic_status_check          | Periodic status check for Politician 2
2026-01-14 15:42:45 | DEBUG    | periodic_status_check          | Status sync sent to Politician 2: 1 volunteers
2026-01-14 15:42:50 | DEBUG    | periodic_status_check          | Periodic status check for Politician 2
2026-01-14 15:42:50 | DEBUG    | periodic_status_check          | Status sync sent to Politician 2: 1 volunteers
2026-01-14 15:42:59 | DEBUG    | periodic_status_check          | Periodic status check for Politician 1
2026-01-14 15:42:59 | DEBUG    | periodic_status_check          | Status sync sent to Politician 1: 1 volunteers
2026-01-14 15:43:00 | DEBUG    | periodic_status_check          | Periodic status check for Politician 1
2026-01-14 15:43:00 | DEBUG    | periodic_status_check          | Status sync sent to Politician 1: 1 volunteers
2026-01-14 15:43:04 | DEBUG    | periodic_status_check          | Periodic status check for Politician 2
2026-01-14 15:43:04 | DEBUG    | periodic_status_check          | Status sync sent to Politician 2: 1 volunteers
2026-01-14 15:43:15 | DEBUG    | periodic_status_check          | Periodic status check for Politician 2
2026-01-14 15:43:15 | DEBUG    | periodic_status_check          | Status sync sent to Politician 2: 1 volunteers
2026-01-14 15:43:20 | DEBUG    | periodic_status_check          | Periodic status check for Politician 2
2026-01-14 15:43:20 | DEBUG    | periodic_status_check          | Status sync sent to Politician 2: 1 volunteers
2026-01-14 15:43:29 | DEBUG    | periodic_status_check          | Periodic status check for Politician 1
2026-01-14 15:43:29 | DEBUG    | periodic_status_check          | Status sync sent to Politician 1: 1 volunteers
2026-01-14 15:43:30 | DEBUG    | periodic_status_check          | Periodic status check for Politician 1
2026-01-14 15:43:30 | DEBUG    | periodic_status_check          | Status sync sent to Politician 1: 1 volunteers
2026-01-14 15:43:34 | DEBUG    | periodic_status_check          | Periodic status check for Politician 2
2026-01-14 15:43:34 | DEBUG    | periodic_status_check          | Status sync sent to Politician 2: 1 volunteers
2026-01-14 15:43:45 | DEBUG    | periodic_status_check          | Periodic status check for Politician 2
2026-01-14 15:43:45 | DEBUG    | periodic_status_check          | Status sync sent to Politician 2: 1 volunteers
2026-01-14 15:43:50 | DEBUG    | periodic_status_check          | Periodic status check for Politician 2
2026-01-14 15:43:50 | DEBUG    | periodic_status_check          | Status sync sent to Politician 2: 1 volunteers
2026-01-14 15:43:59 | DEBUG    | periodic_status_check          | Periodic status check for Politician 1
2026-01-14 15:43:59 | DEBUG    | periodic_status_check          | Status sync sent to Politician 1: 1 volunteers
2026-01-14 15:44:00 | DEBUG    | periodic_status_check          | Periodic status check for Politician 1
2026-01-14 15:44:00 | DEBUG    | periodic_status_check          | Status sync sent to Politician 1: 1 volunteers
2026-01-14 15:44:04 | DEBUG    | periodic_status_check          | Periodic status check for Politician 2
2026-01-14 15:44:04 | DEBUG    | periodic_status_check          | Status sync sent to Politician 2: 1 volunteers
2026-01-14 15:44:15 | DEBUG    | periodic_status_check          | Periodic status check for Politician 2
2026-01-14 15:44:15 | DEBUG    | periodic_status_check          | Status sync sent to Politician 2: 1 volunteers
2026-01-14 15:44:20 | DEBUG    | periodic_status_check          | Periodic status check for Politician 2
2026-01-14 15:44:20 | DEBUG    | periodic_status_check          | Status sync sent to Politician 2: 1 volunteers
2026-01-14 15:44:29 | DEBUG    | periodic_status_check          | Periodic status check for Politician 1
2026-01-14 15:44:29 | DEBUG    | periodic_status_check          | Status sync sent to Politician 1: 1 volunteers
2026-01-14 15:44:30 | DEBUG    | periodic_status_check          | Periodic status check for Politician 1
2026-01-14 15:44:30 | DEBUG    | periodic_status_check          | Status sync sent to Politician 1: 1 volunteers
2026-01-14 15:44:34 | DEBUG    | periodic_status_check          | Periodic status check for Politician 2
2026-01-14 15:44:34 | DEBUG    | periodic_status_check          | Status sync sent to Politician 2: 1 volunteers
2026-01-14 15:44:45 | DEBUG    | periodic_status_check          | Periodic status check for Politician 2
2026-01-14 15:44:45 | DEBUG    | periodic_status_check          | Status sync sent to Politician 2: 1 volunteers
2026-01-14 15:44:50 | DEBUG    | periodic_status_check          | Periodic status check for Politician 2
2026-01-14 15:44:50 | DEBUG    | periodic_status_check          | Status sync sent to Politician 2: 1 volunteers
2026-01-14 15:44:59 | DEBUG    | periodic_status_check          | Periodic status check for Politician 1
2026-01-14 15:44:59 | DEBUG    | periodic_status_check          | Status sync sent to Politician 1: 1 volunteers
2026-01-14 15:45:00 | DEBUG    | periodic_status_check          | Periodic status check for Politician 1
2026-01-14 15:45:00 | DEBUG    | periodic_status_check          | Status sync sent to Politician 1: 1 volunteers
2026-01-14 15:45:04 | DEBUG    | periodic_status_check          | Periodic status check for Politician 2
2026-01-14 15:45:04 | DEBUG    | periodic_status_check          | Status sync sent to Politician 2: 1 volunteers
2026-01-14 15:45:15 | DEBUG    | periodic_status_check          | Periodic status check for Politician 2
2026-01-14 15:45:15 | DEBUG    | periodic_status_check          | Status sync sent to Politician 2: 1 volunteers
2026-01-14 15:45:20 | DEBUG    | periodic_status_check          | Periodic status check for Politician 2
2026-01-14 15:45:20 | DEBUG    | periodic_status_check          | Status sync sent to Politician 2: 1 volunteers
2026-01-14 15:45:29 | DEBUG    | periodic_status_check          | Periodic status check for Politician 1
2026-01-14 15:45:29 | DEBUG    | periodic_status_check          | Status sync sent to Politician 1: 1 volunteers
2026-01-14 15:45:30 | DEBUG    | periodic_status_check          | Periodic status check for Politician 1
2026-01-14 15:45:30 | DEBUG    | periodic_status_check          | Status sync sent to Politician 1: 1 volunteers
2026-01-14 15:45:34 | DEBUG    | periodic_status_check          | Periodic status check for Politician 2
2026-01-14 15:45:34 | DEBUG    | periodic_status_check          | Status sync sent to Politician 2: 1 volunteers
2026-01-14 15:45:45 | DEBUG    | periodic_status_check          | Periodic status check for Politician 2
2026-01-14 15:45:45 | DEBUG    | periodic_status_check          | Status sync sent to Politician 2: 1 volunteers
2026-01-14 15:45:50 | DEBUG    | periodic_status_check          | Periodic status check for Politician 2
2026-01-14 15:45:50 | DEBUG    | periodic_status_check          | Status sync sent to Politician 2: 1 volunteers
2026-01-14 15:45:59 | DEBUG    | periodic_status_check          | Periodic status check for Politician 1
2026-01-14 15:45:59 | DEBUG    | periodic_status_check          | Status sync sent to Politician 1: 1 volunteers
2026-01-14 15:46:00 | DEBUG    | periodic_status_check          | Periodic status check for Politician 1
2026-01-14 15:46:00 | DEBUG    | periodic_status_check          | Status sync sent to Politician 1: 1 volunteers
2026-01-14 15:46:04 | DEBUG    | periodic_status_check          | Periodic status check for Politician 2
2026-01-14 15:46:04 | DEBUG    | periodic_status_check          | Status sync sent to Politician 2: 1 volunteers
2026-01-14 15:46:15 | DEBUG    | periodic_status_check          | Periodic status check for Politician 2
2026-01-14 15:46:15 | DEBUG    | periodic_status_check          | Status sync sent to Politician 2: 1 volunteers
2026-01-14 15:46:20 | DEBUG    | periodic_status_check          | Periodic status check for Politician 2
2026-01-14 15:46:20 | DEBUG    | periodic_status_check          | Status sync sent to Politician 2: 1 volunteers
2026-01-14 15:46:29 | DEBUG    | periodic_status_check          | Periodic status check for Politician 1
2026-01-14 15:46:29 | DEBUG    | periodic_status_check          | Status sync sent to Politician 1: 1 volunteers
2026-01-14 15:46:30 | DEBUG    | periodic_status_check          | Periodic status check for Politician 1
2026-01-14 15:46:30 | DEBUG    | periodic_status_check          | Status sync sent to Politician 1: 1 volunteers
2026-01-14 15:46:34 | DEBUG    | periodic_status_check          | Periodic status check for Politician 2
2026-01-14 15:46:34 | DEBUG    | periodic_status_check          | Status sync sent to Politician 2: 1 volunteers
2026-01-14 15:46:45 | DEBUG    | periodic_status_check          | Periodic status check for Politician 2
2026-01-14 15:46:45 | DEBUG    | periodic_status_check          | Status sync sent to Politician 2: 1 volunteers
2026-01-14 15:46:50 | DEBUG    | periodic_status_check          | Periodic status check for Politician 2
2026-01-14 15:46:50 | DEBUG    | periodic_status_check          | Status sync sent to Politician 2: 1 volunteers
2026-01-14 15:46:59 | DEBUG    | periodic_status_check          | Periodic status check for Politician 1
2026-01-14 15:46:59 | DEBUG    | periodic_status_check          | Status sync sent to Politician 1: 1 volunteers
2026-01-14 15:47:00 | DEBUG    | periodic_status_check          | Periodic status check for Politician 1
2026-01-14 15:47:00 | DEBUG    | periodic_status_check          | Status sync sent to Politician 1: 1 volunteers
2026-01-14 15:47:04 | DEBUG    | periodic_status_check          | Periodic status check for Politician 2
2026-01-14 15:47:04 | DEBUG    | periodic_status_check          | Status sync sent to Politician 2: 1 volunteers
2026-01-14 15:47:15 | DEBUG    | periodic_status_check          | Periodic status check for Politician 2
2026-01-14 15:47:15 | DEBUG    | periodic_status_check          | Status sync sent to Politician 2: 1 volunteers
2026-01-14 15:47:20 | DEBUG    | periodic_status_check          | Periodic status check for Politician 2
2026-01-14 15:47:20 | DEBUG    | periodic_status_check          | Status sync sent to Politician 2: 1 volunteers
2026-01-14 15:47:29 | DEBUG    | periodic_status_check          | Periodic status check for Politician 1
2026-01-14 15:47:29 | DEBUG    | periodic_status_check          | Status sync sent to Politician 1: 1 volunteers
2026-01-14 15:47:30 | DEBUG    | periodic_status_check          | Periodic status check for Politician 1
2026-01-14 15:47:30 | DEBUG    | periodic_status_check          | Status sync sent to Politician 1: 1 volunteers
2026-01-14 15:47:35 | DEBUG    | periodic_status_check          | Periodic status check for Politician 2
2026-01-14 15:47:35 | DEBUG    | periodic_status_check          | Status sync sent to Politician 2: 1 volunteers
2026-01-14 15:47:45 | DEBUG    | periodic_status_check          | Periodic status check for Politician 2
2026-01-14 15:47:45 | DEBUG    | periodic_status_check          | Status sync sent to Politician 2: 1 volunteers
2026-01-14 15:47:50 | DEBUG    | periodic_status_check          | Periodic status check for Politician 2
2026-01-14 15:47:50 | DEBUG    | periodic_status_check          | Status sync sent to Politician 2: 1 volunteers
2026-01-14 15:47:59 | DEBUG    | periodic_status_check          | Periodic status check for Politician 1
2026-01-14 15:47:59 | DEBUG    | periodic_status_check          | Status sync sent to Politician 1: 1 volunteers
2026-01-14 15:48:00 | DEBUG    | periodic_status_check          | Periodic status check for Politician 1
2026-01-14 15:48:00 | DEBUG    | periodic_status_check          | Status sync sent to Politician 1: 1 volunteers
2026-01-14 15:48:05 | DEBUG    | periodic_status_check          | Periodic status check for Politician 2
2026-01-14 15:48:05 | DEBUG    | periodic_status_check          | Status sync sent to Politician 2: 1 volunteers
2026-01-14 15:48:15 | DEBUG    | periodic_status_check          | Periodic status check for Politician 2
2026-01-14 15:48:15 | DEBUG    | periodic_status_check          | Status sync sent to Politician 2: 1 volunteers
2026-01-14 15:48:20 | DEBUG    | periodic_status_check          | Periodic status check for Politician 2
2026-01-14 15:48:20 | DEBUG    | periodic_status_check          | Status sync sent to Politician 2: 1 volunteers
2026-01-14 15:48:29 | DEBUG    | periodic_status_check          | Periodic status check for Politician 1
2026-01-14 15:48:29 | DEBUG    | periodic_status_check          | Status sync sent to Politician 1: 1 volunteers
2026-01-14 15:48:29 | INFO     | politician_location_dashboard  | Politician 2 disconnected gracefully
2026-01-14 15:48:29 | INFO     | periodic_status_check          | Status check task cancelled for Politician 2
2026-01-14 15:48:29 | INFO     | disconnect_politician          | Politician 2 one connection closed (Remaining: 2)
2026-01-14 15:48:29 | INFO     | politician_location_dashboard  | Cleanup complete for politician 2
2026-01-14 15:48:29 | INFO     | politician_location_dashboard  | ====================================================================================================
2026-01-14 15:48:29 | INFO     | politician_location_dashboard  | POLITICIAN 2 SESSION ENDED
2026-01-14 15:48:29 | INFO     | politician_location_dashboard  | ====================================================================================================
2026-01-14 15:48:29 | INFO     | politician_location_dashboard  | Politician 1 disconnected gracefully
2026-01-14 15:48:29 | INFO     | periodic_status_check          | Status check task cancelled for Politician 1
2026-01-14 15:48:29 | INFO     | politician_location_dashboard  | Politician 1 disconnected gracefully
2026-01-14 15:48:29 | INFO     | disconnect_politician          | Politician 1 one connection closed (Remaining: 1)
2026-01-14 15:48:29 | INFO     | politician_location_dashboard  | Cleanup complete for politician 1
2026-01-14 15:48:29 | INFO     | politician_location_dashboard  | ====================================================================================================
2026-01-14 15:48:29 | INFO     | politician_location_dashboard  | POLITICIAN 1 SESSION ENDED
2026-01-14 15:48:29 | INFO     | politician_location_dashboard  | ====================================================================================================
2026-01-14 15:48:29 | INFO     | periodic_status_check          | Status check task cancelled for Politician 1
2026-01-14 15:48:29 | INFO     | disconnect_politician          | Politician 1 fully disconnected
2026-01-14 15:48:29 | INFO     | politician_location_dashboard  | Cleanup complete for politician 1
2026-01-14 15:48:29 | INFO     | politician_location_dashboard  | ====================================================================================================
2026-01-14 15:48:29 | INFO     | politician_location_dashboard  | POLITICIAN 1 SESSION ENDED
2026-01-14 15:48:29 | INFO     | politician_location_dashboard  | ====================================================================================================
2026-01-14 15:48:29 | INFO     | politician_location_dashboard  | Politician 2 disconnected gracefully
2026-01-14 15:48:29 | INFO     | politician_location_dashboard  | Politician 2 disconnected gracefully
2026-01-14 15:48:29 | INFO     | periodic_status_check          | Status check task cancelled for Politician 2
2026-01-14 15:48:29 | INFO     | periodic_status_check          | Status check task cancelled for Politician 2
2026-01-14 15:48:29 | INFO     | disconnect_politician          | Politician 2 one connection closed (Remaining: 1)
2026-01-14 15:48:29 | INFO     | politician_location_dashboard  | Cleanup complete for politician 2
2026-01-14 15:48:29 | INFO     | politician_location_dashboard  | ====================================================================================================
2026-01-14 15:48:29 | INFO     | politician_location_dashboard  | POLITICIAN 2 SESSION ENDED
2026-01-14 15:48:29 | INFO     | politician_location_dashboard  | ====================================================================================================
2026-01-14 15:48:29 | INFO     | disconnect_politician          | Politician 2 fully disconnected
2026-01-14 15:48:29 | INFO     | politician_location_dashboard  | Cleanup complete for politician 2
2026-01-14 15:48:29 | INFO     | politician_location_dashboard  | ====================================================================================================
2026-01-14 15:48:29 | INFO     | politician_location_dashboard  | POLITICIAN 2 SESSION ENDED
2026-01-14 15:48:29 | INFO     | politician_location_dashboard  | ====================================================================================================
2026-01-14 16:04:47 | INFO     | volunteer_location_stream      | ====================================================================================================
2026-01-14 16:04:47 | INFO     | volunteer_location_stream      | VOLUNTEER WEBSOCKET CONNECTION ATTEMPT
2026-01-14 16:04:47 | INFO     | volunteer_location_stream      | ====================================================================================================
2026-01-14 16:04:47 | INFO     | volunteer_location_stream      | Volunteer ID: 2
2026-01-14 16:04:47 | INFO     | volunteer_location_stream      | Timestamp: 2026-01-14T10:34:47.857753+00:00
2026-01-14 16:04:47 | INFO     | volunteer_location_stream      | Volunteer FOUND:
2026-01-14 16:04:47 | INFO     | volunteer_location_stream      |    - Volunteer ID: 2
2026-01-14 16:04:47 | INFO     | volunteer_location_stream      |    - Volunteer Name: immu
2026-01-14 16:04:47 | INFO     | volunteer_location_stream      |    - BELONGS TO POLITICIAN ID: 2
2026-01-14 16:04:47 | INFO     | volunteer_location_stream      | Politician Details:
2026-01-14 16:04:47 | INFO     | volunteer_location_stream      |    - Politician ID: 2
2026-01-14 16:04:47 | INFO     | volunteer_location_stream      |    - Politician Name: Play store
2026-01-14 16:04:47 | INFO     | volunteer_location_stream      | Volunteer 2 WebSocket ACCEPTED
2026-01-14 16:04:47 | INFO     | connect_volunteer              | Volunteer 2 connected (Total: 1)
2026-01-14 16:04:47 | INFO     | volunteer_location_stream      | BROADCASTING ONLINE STATUS:
2026-01-14 16:04:47 | INFO     | volunteer_location_stream      |    - FROM: Volunteer 2
2026-01-14 16:04:47 | INFO     | volunteer_location_stream      |    - TO: Politician 2 ONLY
2026-01-14 16:04:47 | INFO     | broadcast_location_to_politician | BROADCAST REQUEST:
2026-01-14 16:04:47 | INFO     | broadcast_location_to_politician |    - Target: Politician 2
2026-01-14 16:04:47 | INFO     | broadcast_location_to_politician |    - Volunteer: 2
2026-01-14 16:04:47 | INFO     | broadcast_location_to_politician |    - Status: online
2026-01-14 16:04:47 | INFO     | broadcast_location_to_politician |    - All connected politicians: []
2026-01-14 16:04:47 | WARNING  | broadcast_location_to_politician | Politician 2 not connected - broadcast skipped
2026-01-14 16:04:47 | INFO     | volunteer_location_stream      | Listening for location updates from volunteer 2...
2026-01-14 16:04:58 | INFO     | volunteer_location_stream      | Volunteer 2 WebSocket DISCONNECTED
2026-01-14 16:04:58 | INFO     | volunteer_location_stream      | CLEANUP for volunteer 2
2026-01-14 16:04:58 | INFO     | disconnect_volunteer           | Volunteer 2 disconnected (Remaining: 0)
2026-01-14 16:04:58 | INFO     | volunteer_location_stream      | BROADCASTING OFFLINE to Politician 2
2026-01-14 16:04:58 | INFO     | broadcast_location_to_politician | BROADCAST REQUEST:
2026-01-14 16:04:58 | INFO     | broadcast_location_to_politician |    - Target: Politician 2
2026-01-14 16:04:58 | INFO     | broadcast_location_to_politician |    - Volunteer: 2
2026-01-14 16:04:58 | INFO     | broadcast_location_to_politician |    - Status: offline
2026-01-14 16:04:58 | INFO     | broadcast_location_to_politician |    - All connected politicians: []
2026-01-14 16:04:58 | WARNING  | broadcast_location_to_politician | Politician 2 not connected - broadcast skipped
2026-01-14 16:04:58 | INFO     | volunteer_location_stream      | ====================================================================================================
2026-01-14 16:04:58 | INFO     | volunteer_location_stream      | VOLUNTEER 2 SESSION ENDED
2026-01-14 16:04:58 | INFO     | volunteer_location_stream      | ====================================================================================================
2026-01-14 16:05:03 | INFO     | volunteer_location_stream      | ====================================================================================================
2026-01-14 16:05:03 | INFO     | volunteer_location_stream      | VOLUNTEER WEBSOCKET CONNECTION ATTEMPT
2026-01-14 16:05:03 | INFO     | volunteer_location_stream      | ====================================================================================================
2026-01-14 16:05:03 | INFO     | volunteer_location_stream      | Volunteer ID: 2
2026-01-14 16:05:03 | INFO     | volunteer_location_stream      | Timestamp: 2026-01-14T10:35:03.573293+00:00
2026-01-14 16:05:03 | INFO     | volunteer_location_stream      | Volunteer FOUND:
2026-01-14 16:05:03 | INFO     | volunteer_location_stream      |    - Volunteer ID: 2
2026-01-14 16:05:03 | INFO     | volunteer_location_stream      |    - Volunteer Name: immu
2026-01-14 16:05:03 | INFO     | volunteer_location_stream      |    - BELONGS TO POLITICIAN ID: 2
2026-01-14 16:05:03 | INFO     | volunteer_location_stream      | Politician Details:
2026-01-14 16:05:03 | INFO     | volunteer_location_stream      |    - Politician ID: 2
2026-01-14 16:05:03 | INFO     | volunteer_location_stream      |    - Politician Name: Play store
2026-01-14 16:05:03 | INFO     | volunteer_location_stream      | Volunteer 2 WebSocket ACCEPTED
2026-01-14 16:05:03 | INFO     | connect_volunteer              | Volunteer 2 connected (Total: 1)
2026-01-14 16:05:03 | INFO     | volunteer_location_stream      | BROADCASTING ONLINE STATUS:
2026-01-14 16:05:03 | INFO     | volunteer_location_stream      |    - FROM: Volunteer 2
2026-01-14 16:05:03 | INFO     | volunteer_location_stream      |    - TO: Politician 2 ONLY
2026-01-14 16:05:03 | INFO     | broadcast_location_to_politician | BROADCAST REQUEST:
2026-01-14 16:05:03 | INFO     | broadcast_location_to_politician |    - Target: Politician 2
2026-01-14 16:05:03 | INFO     | broadcast_location_to_politician |    - Volunteer: 2
2026-01-14 16:05:03 | INFO     | broadcast_location_to_politician |    - Status: online
2026-01-14 16:05:03 | INFO     | broadcast_location_to_politician |    - All connected politicians: []
2026-01-14 16:05:03 | WARNING  | broadcast_location_to_politician | Politician 2 not connected - broadcast skipped
2026-01-14 16:05:03 | INFO     | volunteer_location_stream      | Listening for location updates from volunteer 2...
2026-01-14 16:05:07 | INFO     | volunteer_location_stream      | Volunteer 2 WebSocket DISCONNECTED
2026-01-14 16:05:07 | INFO     | volunteer_location_stream      | CLEANUP for volunteer 2
2026-01-14 16:05:07 | INFO     | disconnect_volunteer           | Volunteer 2 disconnected (Remaining: 0)
2026-01-14 16:05:07 | INFO     | volunteer_location_stream      | BROADCASTING OFFLINE to Politician 2
2026-01-14 16:05:07 | INFO     | broadcast_location_to_politician | BROADCAST REQUEST:
2026-01-14 16:05:07 | INFO     | broadcast_location_to_politician |    - Target: Politician 2
2026-01-14 16:05:07 | INFO     | broadcast_location_to_politician |    - Volunteer: 2
2026-01-14 16:05:07 | INFO     | broadcast_location_to_politician |    - Status: offline
2026-01-14 16:05:07 | INFO     | broadcast_location_to_politician |    - All connected politicians: []
2026-01-14 16:05:07 | WARNING  | broadcast_location_to_politician | Politician 2 not connected - broadcast skipped
2026-01-14 16:05:07 | INFO     | volunteer_location_stream      | ====================================================================================================
2026-01-14 16:05:07 | INFO     | volunteer_location_stream      | VOLUNTEER 2 SESSION ENDED
2026-01-14 16:05:07 | INFO     | volunteer_location_stream      | ====================================================================================================
2026-01-14 16:08:55 | INFO     | volunteer_location_stream      | ====================================================================================================
2026-01-14 16:08:55 | INFO     | volunteer_location_stream      | VOLUNTEER WEBSOCKET CONNECTION ATTEMPT
2026-01-14 16:08:55 | INFO     | volunteer_location_stream      | ====================================================================================================
2026-01-14 16:08:55 | INFO     | volunteer_location_stream      | Volunteer ID: 2
2026-01-14 16:08:55 | INFO     | volunteer_location_stream      | Timestamp: 2026-01-14T10:38:55.859602+00:00
2026-01-14 16:08:55 | INFO     | volunteer_location_stream      | Volunteer FOUND:
2026-01-14 16:08:55 | INFO     | volunteer_location_stream      |    - Volunteer ID: 2
2026-01-14 16:08:55 | INFO     | volunteer_location_stream      |    - Volunteer Name: immu
2026-01-14 16:08:55 | INFO     | volunteer_location_stream      |    - BELONGS TO POLITICIAN ID: 2
2026-01-14 16:08:55 | INFO     | volunteer_location_stream      | Politician Details:
2026-01-14 16:08:55 | INFO     | volunteer_location_stream      |    - Politician ID: 2
2026-01-14 16:08:55 | INFO     | volunteer_location_stream      |    - Politician Name: Play store
2026-01-14 16:08:55 | INFO     | volunteer_location_stream      | Volunteer 2 WebSocket ACCEPTED
2026-01-14 16:08:55 | INFO     | connect_volunteer              | Volunteer 2 connected (Total: 1)
2026-01-14 16:08:55 | INFO     | volunteer_location_stream      | BROADCASTING ONLINE STATUS:
2026-01-14 16:08:55 | INFO     | volunteer_location_stream      |    - FROM: Volunteer 2
2026-01-14 16:08:55 | INFO     | volunteer_location_stream      |    - TO: Politician 2 ONLY
2026-01-14 16:08:55 | INFO     | broadcast_location_to_politician | BROADCAST REQUEST:
2026-01-14 16:08:55 | INFO     | broadcast_location_to_politician |    - Target: Politician 2
2026-01-14 16:08:55 | INFO     | broadcast_location_to_politician |    - Volunteer: 2
2026-01-14 16:08:55 | INFO     | broadcast_location_to_politician |    - Status: online
2026-01-14 16:08:55 | INFO     | broadcast_location_to_politician |    - All connected politicians: []
2026-01-14 16:08:55 | WARNING  | broadcast_location_to_politician | Politician 2 not connected - broadcast skipped
2026-01-14 16:08:55 | INFO     | volunteer_location_stream      | Listening for location updates from volunteer 2...
2026-01-14 16:09:02 | INFO     | volunteer_location_stream      | Volunteer 2 WebSocket DISCONNECTED
2026-01-14 16:09:02 | INFO     | volunteer_location_stream      | CLEANUP for volunteer 2
2026-01-14 16:09:02 | INFO     | disconnect_volunteer           | Volunteer 2 disconnected (Remaining: 0)
2026-01-14 16:09:02 | INFO     | volunteer_location_stream      | BROADCASTING OFFLINE to Politician 2
2026-01-14 16:09:02 | INFO     | broadcast_location_to_politician | BROADCAST REQUEST:
2026-01-14 16:09:02 | INFO     | broadcast_location_to_politician |    - Target: Politician 2
2026-01-14 16:09:02 | INFO     | broadcast_location_to_politician |    - Volunteer: 2
2026-01-14 16:09:02 | INFO     | broadcast_location_to_politician |    - Status: offline
2026-01-14 16:09:02 | INFO     | broadcast_location_to_politician |    - All connected politicians: []
2026-01-14 16:09:02 | WARNING  | broadcast_location_to_politician | Politician 2 not connected - broadcast skipped
2026-01-14 16:09:02 | INFO     | volunteer_location_stream      | ====================================================================================================
2026-01-14 16:09:02 | INFO     | volunteer_location_stream      | VOLUNTEER 2 SESSION ENDED
2026-01-14 16:09:02 | INFO     | volunteer_location_stream      | ====================================================================================================
2026-01-14 16:11:35 | INFO     | volunteer_location_stream      | ====================================================================================================
2026-01-14 16:11:35 | INFO     | volunteer_location_stream      | VOLUNTEER WEBSOCKET CONNECTION ATTEMPT
2026-01-14 16:11:35 | INFO     | volunteer_location_stream      | ====================================================================================================
2026-01-14 16:11:35 | INFO     | volunteer_location_stream      | Volunteer ID: 2
2026-01-14 16:11:35 | INFO     | volunteer_location_stream      | Timestamp: 2026-01-14T10:41:35.322158+00:00
2026-01-14 16:11:35 | INFO     | volunteer_location_stream      | Volunteer FOUND:
2026-01-14 16:11:35 | INFO     | volunteer_location_stream      |    - Volunteer ID: 2
2026-01-14 16:11:35 | INFO     | volunteer_location_stream      |    - Volunteer Name: immu
2026-01-14 16:11:35 | INFO     | volunteer_location_stream      |    - BELONGS TO POLITICIAN ID: 2
2026-01-14 16:11:35 | INFO     | volunteer_location_stream      | Politician Details:
2026-01-14 16:11:35 | INFO     | volunteer_location_stream      |    - Politician ID: 2
2026-01-14 16:11:35 | INFO     | volunteer_location_stream      |    - Politician Name: Play store
2026-01-14 16:11:35 | INFO     | volunteer_location_stream      | Volunteer 2 WebSocket ACCEPTED
2026-01-14 16:11:35 | INFO     | connect_volunteer              | Volunteer 2 connected (Total: 1)
2026-01-14 16:11:35 | INFO     | volunteer_location_stream      | BROADCASTING ONLINE STATUS:
2026-01-14 16:11:35 | INFO     | volunteer_location_stream      |    - FROM: Volunteer 2
2026-01-14 16:11:35 | INFO     | volunteer_location_stream      |    - TO: Politician 2 ONLY
2026-01-14 16:11:35 | INFO     | broadcast_location_to_politician | BROADCAST REQUEST:
2026-01-14 16:11:35 | INFO     | broadcast_location_to_politician |    - Target: Politician 2
2026-01-14 16:11:35 | INFO     | broadcast_location_to_politician |    - Volunteer: 2
2026-01-14 16:11:35 | INFO     | broadcast_location_to_politician |    - Status: online
2026-01-14 16:11:35 | INFO     | broadcast_location_to_politician |    - All connected politicians: []
2026-01-14 16:11:35 | WARNING  | broadcast_location_to_politician | Politician 2 not connected - broadcast skipped
2026-01-14 16:11:35 | INFO     | volunteer_location_stream      | Listening for location updates from volunteer 2...
2026-01-14 16:11:48 | INFO     | volunteer_location_stream      | Volunteer 2 WebSocket DISCONNECTED
2026-01-14 16:11:48 | INFO     | volunteer_location_stream      | CLEANUP for volunteer 2
2026-01-14 16:11:48 | INFO     | disconnect_volunteer           | Volunteer 2 disconnected (Remaining: 0)
2026-01-14 16:11:48 | INFO     | volunteer_location_stream      | BROADCASTING OFFLINE to Politician 2
2026-01-14 16:11:48 | INFO     | broadcast_location_to_politician | BROADCAST REQUEST:
2026-01-14 16:11:48 | INFO     | broadcast_location_to_politician |    - Target: Politician 2
2026-01-14 16:11:48 | INFO     | broadcast_location_to_politician |    - Volunteer: 2
2026-01-14 16:11:48 | INFO     | broadcast_location_to_politician |    - Status: offline
2026-01-14 16:11:48 | INFO     | broadcast_location_to_politician |    - All connected politicians: []
2026-01-14 16:11:48 | WARNING  | broadcast_location_to_politician | Politician 2 not connected - broadcast skipped
2026-01-14 16:11:48 | INFO     | volunteer_location_stream      | ====================================================================================================
2026-01-14 16:11:48 | INFO     | volunteer_location_stream      | VOLUNTEER 2 SESSION ENDED
2026-01-14 16:11:48 | INFO     | volunteer_location_stream      | ====================================================================================================
2026-01-14 16:11:54 | INFO     | volunteer_location_stream      | ====================================================================================================
2026-01-14 16:11:54 | INFO     | volunteer_location_stream      | VOLUNTEER WEBSOCKET CONNECTION ATTEMPT
2026-01-14 16:11:54 | INFO     | volunteer_location_stream      | ====================================================================================================
2026-01-14 16:11:54 | INFO     | volunteer_location_stream      | Volunteer ID: 2
2026-01-14 16:11:54 | INFO     | volunteer_location_stream      | Timestamp: 2026-01-14T10:41:54.770718+00:00
2026-01-14 16:11:54 | INFO     | volunteer_location_stream      | Volunteer FOUND:
2026-01-14 16:11:54 | INFO     | volunteer_location_stream      |    - Volunteer ID: 2
2026-01-14 16:11:54 | INFO     | volunteer_location_stream      |    - Volunteer Name: immu
2026-01-14 16:11:54 | INFO     | volunteer_location_stream      |    - BELONGS TO POLITICIAN ID: 2
2026-01-14 16:11:54 | INFO     | volunteer_location_stream      | Politician Details:
2026-01-14 16:11:54 | INFO     | volunteer_location_stream      |    - Politician ID: 2
2026-01-14 16:11:54 | INFO     | volunteer_location_stream      |    - Politician Name: Play store
2026-01-14 16:11:54 | INFO     | volunteer_location_stream      | Volunteer 2 WebSocket ACCEPTED
2026-01-14 16:11:54 | INFO     | connect_volunteer              | Volunteer 2 connected (Total: 1)
2026-01-14 16:11:54 | INFO     | volunteer_location_stream      | BROADCASTING ONLINE STATUS:
2026-01-14 16:11:54 | INFO     | volunteer_location_stream      |    - FROM: Volunteer 2
2026-01-14 16:11:54 | INFO     | volunteer_location_stream      |    - TO: Politician 2 ONLY
2026-01-14 16:11:54 | INFO     | broadcast_location_to_politician | BROADCAST REQUEST:
2026-01-14 16:11:54 | INFO     | broadcast_location_to_politician |    - Target: Politician 2
2026-01-14 16:11:54 | INFO     | broadcast_location_to_politician |    - Volunteer: 2
2026-01-14 16:11:54 | INFO     | broadcast_location_to_politician |    - Status: online
2026-01-14 16:11:54 | INFO     | broadcast_location_to_politician |    - All connected politicians: []
2026-01-14 16:11:54 | WARNING  | broadcast_location_to_politician | Politician 2 not connected - broadcast skipped
2026-01-14 16:11:54 | INFO     | volunteer_location_stream      | Listening for location updates from volunteer 2...
2026-01-14 16:12:06 | INFO     | volunteer_location_stream      | Volunteer 2 WebSocket DISCONNECTED
2026-01-14 16:12:06 | INFO     | volunteer_location_stream      | CLEANUP for volunteer 2
2026-01-14 16:12:06 | INFO     | disconnect_volunteer           | Volunteer 2 disconnected (Remaining: 0)
2026-01-14 16:12:06 | INFO     | volunteer_location_stream      | BROADCASTING OFFLINE to Politician 2
2026-01-14 16:12:06 | INFO     | broadcast_location_to_politician | BROADCAST REQUEST:
2026-01-14 16:12:06 | INFO     | broadcast_location_to_politician |    - Target: Politician 2
2026-01-14 16:12:06 | INFO     | broadcast_location_to_politician |    - Volunteer: 2
2026-01-14 16:12:06 | INFO     | broadcast_location_to_politician |    - Status: offline
2026-01-14 16:12:06 | INFO     | broadcast_location_to_politician |    - All connected politicians: []
2026-01-14 16:12:06 | WARNING  | broadcast_location_to_politician | Politician 2 not connected - broadcast skipped
2026-01-14 16:12:06 | INFO     | volunteer_location_stream      | ====================================================================================================
2026-01-14 16:12:06 | INFO     | volunteer_location_stream      | VOLUNTEER 2 SESSION ENDED
2026-01-14 16:12:06 | INFO     | volunteer_location_stream      | ====================================================================================================
